Rank;Sourceid;Title;Type;Issn;Publisher;Open Access;Open Access Diamond;SJR;SJR Quartile;H index;Total Docs. (2024);Total Docs. (3years);Total Refs.;Total Citations (3years);Citable Docs. (3years);Citations / Doc. (2years);Ref. / Doc.;%Female;Overton;SDG;Country;Region;Publisher;Coverage;Categories;Areas
1;21100237403;The Lancet Diabetes and Endocrinology;journal;22138595, 22138587;Elsevier Ltd;No;No;12,19;Q1;189;193;553;4445;6796;198;10,82;23,03;43,43;0;137;United Kingdom;Western Europe;Elsevier Ltd;2013-2025;"Endocrinology (Q1); Endocrinology, Diabetes and Metabolism (Q1); Internal Medicine (Q1)";"Biochemistry, Genetics and Molecular Biology; Medicine"
2;26038;Endocrine Reviews;journal;19457189, 0163769X;The Endocrine Society;No;No;9,175;Q1;317;35;113;9418;3097;113;25,91;269,09;41,76;0;15;United States;Northern America;The Endocrine Society;1980-2025;"Endocrinology (Q1); Endocrinology, Diabetes and Metabolism (Q1)";"Biochemistry, Genetics and Molecular Biology; Medicine"
3;17700156440;Nature Reviews Endocrinology;journal;17595037, 17595029;Nature Publishing Group;No;No;7,884;Q1;224;130;472;8275;5931;231;11,82;63,65;40,33;2;50;United Kingdom;Western Europe;Nature Publishing Group;2009-2025;"Endocrinology (Q1); Endocrinology, Diabetes and Metabolism (Q1)";"Biochemistry, Genetics and Molecular Biology; Medicine"
4;21100932733;Nature Metabolism;journal;25225812;Springer Berlin;No;No;7,529;Q1;92;225;587;11394;7511;437;11,55;50,64;41,52;1;86;Germany;Western Europe;Springer Berlin;2019-2025;"Cell Biology (Q1); Endocrinology, Diabetes and Metabolism (Q1); Internal Medicine (Q1); Physiology (medical) (Q1)";"Biochemistry, Genetics and Molecular Biology; Medicine"
5;25491;Diabetes Care;journal;19355548, 01495992;American Diabetes Association Inc.;No;No;6,566;Q1;433;378;1369;12654;17008;1058;13,05;33,48;50,13;4;345;United States;Northern America;American Diabetes Association Inc.;1978-2025;"Advanced and Specialized Nursing (Q1); Endocrinology, Diabetes and Metabolism (Q1); Internal Medicine (Q1)";"Medicine; Nursing"
6;21100398001;Bone Research;journal;20954700, 20956231;Nature Publishing Group;Yes;No;4,048;Q1;76;69;170;6582;2592;168;14,86;95,39;39,56;0;5;United Kingdom;Western Europe;Nature Publishing Group;2013-2025;"Endocrinology, Diabetes and Metabolism (Q1); Histology (Q1); Physiology (Q1)";"Biochemistry, Genetics and Molecular Biology; Medicine"
7;26031;Endocrine Pathology;journal;15590097, 10463976;Springer;No;No;3,832;Q1;61;49;138;1545;1404;123;12,92;31,53;45,21;0;28;United States;Northern America;Springer;1990-2025;"Endocrinology (Q1); Endocrinology, Diabetes and Metabolism (Q1); Medicine (miscellaneous) (Q1); Pathology and Forensic Medicine (Q1)";"Biochemistry, Genetics and Molecular Biology; Medicine"
8;25584;Diabetologia;journal;0012186X, 14320428;Springer Science and Business Media Deutschland GmbH;No;No;3,617;Q1;266;258;654;10822;5454;583;8,84;41,95;44,65;4;233;Germany;Western Europe;Springer Science and Business Media Deutschland GmbH;1965-2025;"Endocrinology, Diabetes and Metabolism (Q1); Internal Medicine (Q1)";Medicine
9;25545;Diabetes Technology and Therapeutics;journal;15209156, 15578593;Mary Ann Liebert Inc.;No;No;3,609;Q1;109;164;430;4913;2561;383;5,87;29,96;52,08;4;145;United States;Northern America;Mary Ann Liebert Inc.;1999-2025;"Endocrinology (Q1); Endocrinology, Diabetes and Metabolism (Q1); Medical Laboratory Technology (Q1); Medicine (miscellaneous) (Q1)";"Biochemistry, Genetics and Molecular Biology; Health Professions; Medicine"
10;26203;Metabolism: Clinical and Experimental;journal;00260495, 15328600;W.B. Saunders;No;No;3,529;Q1;174;138;428;11969;5086;395;12,1;86,73;42,5;0;86;United States;Northern America;W.B. Saunders;1952-2025;"Endocrinology (Q1); Endocrinology, Diabetes and Metabolism (Q1)";"Biochemistry, Genetics and Molecular Biology; Medicine"
11;26746;Trends in Endocrinology and Metabolism;journal;10432760, 18793061;Elsevier Inc.;No;No;3,485;Q1;204;151;253;11117;2660;243;10,77;73,62;45,23;0;78;United States;Northern America;Elsevier Inc.;1989-2025;"Endocrinology (Q1); Endocrinology, Diabetes and Metabolism (Q1)";"Biochemistry, Genetics and Molecular Biology; Medicine"
12;25441;Cardiovascular Diabetology;journal;14752840;BioMed Central Ltd;Yes;No;3,353;Q1;121;446;864;22728;8892;843;10,4;50,96;42,94;0;396;United Kingdom;Western Europe;BioMed Central Ltd;2002-2025;"Cardiology and Cardiovascular Medicine (Q1); Endocrinology, Diabetes and Metabolism (Q1); Internal Medicine (Q1)";Medicine
13;15849;Journal of Biomedical Science;journal;10217770, 14230127;BioMed Central Ltd;Yes;Yes;3,172;Q1;120;102;282;10429;3198;282;11,86;102,25;40,82;0;52;United Kingdom;Western Europe;BioMed Central Ltd;1993-2025;"Biochemistry (medical) (Q1); Cell Biology (Q1); Clinical Biochemistry (Q1); Endocrinology, Diabetes and Metabolism (Q1); Medicine (miscellaneous) (Q1); Molecular Biology (Q1); Pharmacology (medical) (Q1)";"Biochemistry, Genetics and Molecular Biology; Medicine"
14;13363;Obesity Reviews;journal;1467789X, 14677881;Wiley-Blackwell Publishing Ltd;No;No;3,005;Q1;210;188;484;17469;4354;461;8,64;92,92;55,95;5;149;United Kingdom;Western Europe;Wiley-Blackwell Publishing Ltd;2000-2025;"Endocrinology, Diabetes and Metabolism (Q1); Public Health, Environmental and Occupational Health (Q1)";Medicine
15;17421;Cytokine and Growth Factor Reviews;journal;18790305, 13596101;Elsevier Ltd;No;No;2,877;Q1;187;66;160;9087;1659;154;11,49;137,68;48,18;0;38;United Kingdom;Western Europe;Elsevier Ltd;1996-2025;"Biochemistry, Genetics and Molecular Biology (miscellaneous) (Q1); Endocrinology, Diabetes and Metabolism (Q1); Immunology (Q1); Immunology and Allergy (Q1)";"Biochemistry, Genetics and Molecular Biology; Immunology and Microbiology; Medicine"
16;26699;Reviews in Endocrine and Metabolic Disorders;journal;15732606, 13899155;Springer Netherlands;No;No;2,446;Q1;106;92;243;9602;2125;243;9,46;104,37;50,22;0;54;Netherlands;Western Europe;Springer Netherlands;2000-2025;"Endocrinology (Q1); Endocrinology, Diabetes and Metabolism (Q1)";"Biochemistry, Genetics and Molecular Biology; Medicine"
17;21100207639;Diabetes and Metabolism Journal;journal;22336087, 22336079;Korean Diabetes Association;Yes;No;2,365;Q1;74;102;279;5326;1796;218;6,88;52,22;42,08;0;92;South Korea;Asiatic Region;Korean Diabetes Association;2011-2025;Endocrinology, Diabetes and Metabolism (Q1);Medicine
18;25487;Diabetes;journal;00121797, 1939327X;American Diabetes Association Inc.;No;No;2,355;Q1;379;199;688;8494;3600;615;4,85;42,68;45,35;0;162;United States;Northern America;American Diabetes Association Inc.;1952-2025;"Endocrinology, Diabetes and Metabolism (Q1); Internal Medicine (Q1)";Medicine
19;25527;Diabetes, Obesity and Metabolism;journal;14631326, 14628902;John Wiley and Sons Inc;No;No;2,251;Q1;162;671;1029;28570;5731;881;5,43;42,58;41,55;2;608;United Kingdom;Western Europe;John Wiley and Sons Inc;1999-2025;"Endocrinology (Q1); Endocrinology, Diabetes and Metabolism (Q1); Internal Medicine (Q1)";"Biochemistry, Genetics and Molecular Biology; Medicine"
20;26159;Journal of Clinical Endocrinology and Metabolism;journal;0021972X, 19457197;Endocrine Society;No;No;2,183;Q1;400;677;2337;25937;11325;1970;4,72;38,31;49,06;9;344;United States;Northern America;Endocrine Society;1941-2025;"Biochemistry (Q1); Biochemistry (medical) (Q1); Clinical Biochemistry (Q1); Endocrinology (Q1); Endocrinology, Diabetes and Metabolism (Q1); Medicine (miscellaneous) (Q1)";"Biochemistry, Genetics and Molecular Biology; Medicine"
21;25465;Current Diabetes Reports;journal;15344827, 15390829;Current Medicine Group;No;No;2,163;Q1;109;27;150;1983;1038;150;6,66;73,44;62,14;0;27;United States;Northern America;Current Medicine Group;2001-2025;"Endocrinology, Diabetes and Metabolism (Q1); Internal Medicine (Q1)";Medicine
22;12211;Journal of Bone and Mineral Research;journal;15234681, 08840431;Oxford University Press;No;No;2,074;Q1;276;186;653;7291;3500;571;5,4;39,2;43,36;2;31;United States;Northern America;Oxford University Press;1986-2025;"Endocrinology, Diabetes and Metabolism (Q1); Orthopedics and Sports Medicine (Q1)";Medicine
23;25414;Best Practice and Research: Clinical Endocrinology and Metabolism;journal;1521690X, 15321908;Elsevier B.V.;No;No;2,007;Q1;132;56;186;3855;1282;170;5,89;68,84;48,56;1;12;United Kingdom;Western Europe;Elsevier B.V.;1999-2025;"Endocrinology (Q1); Endocrinology, Diabetes and Metabolism (Q1)";"Biochemistry, Genetics and Molecular Biology; Medicine"
24;21101023423;Journal of Obesity and Metabolic Syndrome;journal;25086235, 25087576;Korean Society for the Study of Obesity;Yes;Yes;1,997;Q1;33;36;150;1686;894;125;6,36;46,83;42,77;0;28;South Korea;Asiatic Region;Korean Society for the Study of Obesity;2017-2025;Endocrinology, Diabetes and Metabolism (Q1);Medicine
25;26727;Thyroid;journal;15579077, 10507256;Mary Ann Liebert Inc.;No;No;1,95;Q1;171;175;566;6244;3029;492;5,12;35,68;48,22;2;96;United States;Northern America;Mary Ann Liebert Inc.;1990-2025;"Endocrinology (Q1); Endocrinology, Diabetes and Metabolism (Q1); Medicine (miscellaneous) (Q1)";"Biochemistry, Genetics and Molecular Biology; Medicine"
26;4700152825;Obesity;journal;19307381, 1930739X;John Wiley and Sons Inc;No;No;1,825;Q1;234;241;807;8796;3462;733;4,21;36,5;53,1;2;173;United States;Northern America;John Wiley and Sons Inc;2006-2025;"Endocrinology (Q1); Endocrinology, Diabetes and Metabolism (Q1); Medicine (miscellaneous) (Q1); Nutrition and Dietetics (Q1)";"Biochemistry, Genetics and Molecular Biology; Medicine; Nursing"
27;26082;European Journal of Endocrinology;journal;1479683X, 08044643;Oxford University Press;No;No;1,81;Q1;179;169;609;7853;3097;570;4,94;46,47;55,36;0;65;United Kingdom;Western Europe;Oxford University Press;1994-2025;"Endocrinology (Q1); Endocrinology, Diabetes and Metabolism (Q1); Medicine (miscellaneous) (Q1)";"Biochemistry, Genetics and Molecular Biology; Medicine"
28;25523;Diabetes/Metabolism Research and Reviews;journal;15207552, 15207560;John Wiley and Sons Ltd;No;No;1,792;Q1;141;164;297;10766;1596;271;5,56;65,65;43,66;4;151;United Kingdom;Western Europe;John Wiley and Sons Ltd;1999-2025;"Endocrinology (Q1); Endocrinology, Diabetes and Metabolism (Q1); Internal Medicine (Q1)";"Biochemistry, Genetics and Molecular Biology; Medicine"
29;26062;Endocrinology and Metabolism Clinics of North America;journal;08898529, 15584410;W.B. Saunders;No;No;1,739;Q1;126;58;189;2633;963;152;3,89;45,4;77,68;0;21;United States;Northern America;W.B. Saunders;1987-2025;"Endocrinology (Q1); Endocrinology, Diabetes and Metabolism (Q1)";"Biochemistry, Genetics and Molecular Biology; Medicine"
30;26035;Endocrine-Related Cancer;journal;14796821, 13510088;BioScientifica Ltd.;No;No;1,674;Q1;149;65;287;2547;1197;282;4,47;39,18;41,91;0;51;United Kingdom;Western Europe;BioScientifica Ltd.;1994-2025;"Endocrinology (Q1); Endocrinology, Diabetes and Metabolism (Q1); Oncology (Q1); Cancer Research (Q2)";"Biochemistry, Genetics and Molecular Biology; Medicine"
31;25488;Diabetes and Metabolism;journal;12623636, 18781780;Elsevier Masson s.r.l.;No;No;1,648;Q1;110;63;231;2155;926;178;3,8;34,21;45,89;0;54;France;Western Europe;Elsevier Masson s.r.l.;1996-2025;"Endocrinology (Q1); Endocrinology, Diabetes and Metabolism (Q1); Internal Medicine (Q1); Medicine (miscellaneous) (Q1)";"Biochemistry, Genetics and Molecular Biology; Medicine"
32;21101032315;Journal of Lipid and Atherosclerosis;journal;22872892, 22882561;Korean Society of Lipid and Atherosclerosis;Yes;Yes;1,647;Q1;20;32;81;1848;415;75;5,04;57,75;21,36;0;18;South Korea;Asiatic Region;Korean Society of Lipid and Atherosclerosis;2019-2025;"Cardiology and Cardiovascular Medicine (Q1); Endocrinology, Diabetes and Metabolism (Q1); Internal Medicine (Q1)";Medicine
33;12697;International Journal of Obesity;journal;03070565, 14765497;Springer Nature;No;No;1,589;Q1;258;264;707;12084;2991;668;3,99;45,77;50,9;4;227;United Kingdom;Western Europe;Springer Nature;1977-2025;"Endocrinology, Diabetes and Metabolism (Q1); Medicine (miscellaneous) (Q1); Nutrition and Dietetics (Q1)";"Medicine; Nursing"
34;21100469641;BMJ Open Diabetes Research and Care;journal;20524897;BMJ Publishing Group;Yes;No;1,544;Q1;59;117;472;4407;2093;459;4,32;37,67;47,95;0;115;United Kingdom;Western Europe;BMJ Publishing Group;2015-2025;Endocrinology, Diabetes and Metabolism (Q1);Medicine
35;25538;Diabetes Research and Clinical Practice;journal;01688227, 18728227;Elsevier Ireland Ltd;No;No;1,537;Q1;146;380;1203;14840;5096;1117;4,54;39,05;47,71;4;351;Ireland;Western Europe;Elsevier Ireland Ltd;1985-2025;"Endocrinology (Q1); Endocrinology, Diabetes and Metabolism (Q1); Internal Medicine (Q1); Medicine (miscellaneous) (Q1)";"Biochemistry, Genetics and Molecular Biology; Medicine"
36;21100243003;Nutrition and Diabetes;journal;20444052;Nature Publishing Group;Yes;No;1,523;Q1;64;95;111;4074;568;109;5,26;42,88;49,86;0;77;United Kingdom;Western Europe;Nature Publishing Group;2011-2025;"Endocrinology, Diabetes and Metabolism (Q1); Internal Medicine (Q1)";Medicine
37;21100829245;Endocrinology and Metabolism;journal;2093596X, 20935978;Korean Endocrine Society;Yes;Yes;1,487;Q1;53;110;313;4201;1309;277;3,86;38,19;44,73;0;67;South Korea;Asiatic Region;Korean Endocrine Society;2014-2024;"Endocrinology (Q1); Endocrinology, Diabetes and Metabolism (Q1)";"Biochemistry, Genetics and Molecular Biology; Medicine"
38;4000148405;Current Osteoporosis Reports;journal;15442241, 15441873;Current Science, Inc.;No;No;1,477;Q1;84;58;192;5774;1023;192;5,48;99,55;45,5;0;20;United States;Northern America;Current Science, Inc.;2003-2025;Endocrinology, Diabetes and Metabolism (Q1);Medicine
39;21100229210;Frontiers in Endocrinology;journal;16642392;Frontiers Media SA;Yes;No;1,472;Q1;138;2432;8958;128926;42655;8417;4,39;53,01;48,64;1;1448;Switzerland;Western Europe;Frontiers Media SA;2010-2025;Endocrinology, Diabetes and Metabolism (Q1);Medicine
40;16453;Osteoporosis International;journal;0937941X, 14332965;Springer Science and Business Media Deutschland GmbH;No;No;1,466;Q1;201;229;744;7911;2880;650;3,98;34,55;43,37;2;40;United Kingdom;Western Europe;Springer Science and Business Media Deutschland GmbH;1990-2025;"Endocrinology, Diabetes and Metabolism (Q1); Medicine (miscellaneous) (Q1)";Medicine
41;18745;Psychoneuroendocrinology;journal;03064530, 18733360;Elsevier Ltd;No;No;1,454;Q1;210;209;736;12169;2889;712;3,76;58,22;58,58;1;49;United Kingdom;Western Europe;Elsevier Ltd;1975-2025;"Endocrine and Autonomic Systems (Q1); Endocrinology (Q1); Endocrinology, Diabetes and Metabolism (Q1); Psychiatry and Mental Health (Q1); Biological Psychiatry (Q2)";"Biochemistry, Genetics and Molecular Biology; Medicine; Neuroscience"
42;25577;Diabetic Medicine;journal;14645491, 07423071;Wiley-Blackwell Publishing Ltd;No;No;1,439;Q1;171;232;751;6600;2221;609;2,98;28,45;59,73;3;213;United Kingdom;Western Europe;Wiley-Blackwell Publishing Ltd;1984-2025;"Endocrinology (Q1); Endocrinology, Diabetes and Metabolism (Q1); Internal Medicine (Q1)";"Biochemistry, Genetics and Molecular Biology; Medicine"
43;19700174684;Journal of Diabetes Science and Technology;journal;19322968;SAGE Publications Inc.;No;No;1,397;Q1;99;321;508;9918;1690;375;3,44;30,9;44,54;4;288;United States;Northern America;SAGE Publications Inc.;2007-2025;"Bioengineering (Q1); Biomedical Engineering (Q1); Endocrinology, Diabetes and Metabolism (Q1); Internal Medicine (Q1)";"Chemical Engineering; Engineering; Medicine"
44;23308;American Journal of Physiology - Endocrinology and Metabolism;journal;01931849, 15221555;American Physiological Society;No;No;1,392;Q1;231;139;441;7301;1682;416;3,12;52,53;46,21;0;73;United States;Northern America;American Physiological Society;1980-2025;"Endocrinology, Diabetes and Metabolism (Q1); Physiology (Q1); Physiology (medical) (Q1)";"Biochemistry, Genetics and Molecular Biology; Medicine"
45;19700200885;Therapeutic Advances in Endocrinology and Metabolism;journal;20420196, 20420188;Sage Periodicals Press;Yes;No;1,381;Q1;49;39;144;2338;680;140;4,48;59,95;36,28;0;32;United States;Northern America;Sage Periodicals Press;2010-2025;Endocrinology, Diabetes and Metabolism (Q1);Medicine
46;23140;Current Opinion in Lipidology;journal;14736535, 09579672;Lippincott Williams and Wilkins;No;No;1,342;Q1;138;56;164;2996;609;132;4,07;53,5;45,45;0;35;United States;Northern America;Lippincott Williams and Wilkins;1990-2025;"Cardiology and Cardiovascular Medicine (Q1); Endocrinology, Diabetes and Metabolism (Q1); Genetics (Q1); Nutrition and Dietetics (Q1); Cell Biology (Q2); Molecular Biology (Q2)";"Biochemistry, Genetics and Molecular Biology; Medicine; Nursing"
47;16745;Journal of Neuroendocrinology;journal;13652826, 09538194;Wiley-Blackwell Publishing Ltd;No;No;1,294;Q1;130;104;391;7096;1501;378;4,11;68,23;46,79;0;28;United Kingdom;Western Europe;Wiley-Blackwell Publishing Ltd;1989-2025;"Endocrine and Autonomic Systems (Q1); Endocrinology (Q1); Endocrinology, Diabetes and Metabolism (Q1); Cellular and Molecular Neuroscience (Q2)";"Biochemistry, Genetics and Molecular Biology; Medicine; Neuroscience"
48;12719;Journal of Nutritional Biochemistry;journal;09552863, 18734847;Elsevier Inc.;No;No;1,28;Q1;166;181;567;11966;3145;565;5,53;66,11;49,77;0;83;United States;Northern America;Elsevier Inc.;1990-2025;"Biochemistry (Q1); Clinical Biochemistry (Q1); Endocrinology, Diabetes and Metabolism (Q1); Nutrition and Dietetics (Q1); Molecular Biology (Q2)";"Biochemistry, Genetics and Molecular Biology; Medicine; Nursing"
49;5700191208;Journal of Clinical Lipidology;journal;18764789, 19332874;Elsevier Ltd;No;No;1,267;Q1;79;135;320;4911;1155;270;3,77;36,38;37,89;1;74;United Kingdom;Western Europe;Elsevier Ltd;1970, 2007-2025;"Cardiology and Cardiovascular Medicine (Q1); Endocrinology, Diabetes and Metabolism (Q1); Internal Medicine (Q1); Nutrition and Dietetics (Q1)";"Medicine; Nursing"
50;29551;Bone;journal;87563282;Elsevier Inc.;No;No;1,25;Q1;230;232;896;12781;3405;846;3,75;55,09;39,85;0;52;United States;Northern America;Elsevier Inc.;1985-2025;"Endocrinology, Diabetes and Metabolism (Q1); Histology (Q1); Physiology (Q1)";"Biochemistry, Genetics and Molecular Biology; Medicine"
51;15300154824;Nutrition and Metabolism;journal;17437075;BioMed Central Ltd;Yes;No;1,243;Q1;106;112;239;6468;1156;239;4,35;57,75;51,07;0;70;United Kingdom;Western Europe;BioMed Central Ltd;2004-2025;"Endocrinology, Diabetes and Metabolism (Q1); Medicine (miscellaneous) (Q1); Nutrition and Dietetics (Q1)";"Medicine; Nursing"
52;14126;Lipids in Health and Disease;journal;1476511X;BioMed Central Ltd;Yes;No;1,24;Q1;105;416;535;21235;2434;530;4,03;51,05;45,16;0;257;United Kingdom;Western Europe;BioMed Central Ltd;2002-2025;"Biochemistry (medical) (Q1); Clinical Biochemistry (Q1); Endocrinology (Q1); Endocrinology, Diabetes and Metabolism (Q1)";"Biochemistry, Genetics and Molecular Biology; Medicine"
53;25422;Calcified Tissue International;journal;14320827, 0171967X;Springer;No;No;1,23;Q1;137;152;393;6876;1560;372;3,67;45,24;43,56;0;33;United States;Northern America;Springer;1973, 1976-1977, 1979-2025;"Endocrinology (Q1); Endocrinology, Diabetes and Metabolism (Q1); Orthopedics and Sports Medicine (Q1)";"Biochemistry, Genetics and Molecular Biology; Medicine"
54;26162;Journal of Endocrinological Investigation;journal;03914097, 17208386;Springer Science and Business Media Deutschland GmbH;No;No;1,215;Q1;104;315;802;14289;3129;726;3,58;45,36;52,19;0;167;Switzerland;Western Europe;Springer Science and Business Media Deutschland GmbH;1978-2025;"Endocrinology (Q1); Endocrinology, Diabetes and Metabolism (Q1)";"Biochemistry, Genetics and Molecular Biology; Medicine"
55;15721;Pediatric Diabetes;journal;13995448, 1399543X;John Wiley and Sons Inc;No;No;1,207;Q1;102;34;364;1656;1618;336;5,17;48,71;58,58;0;33;United Kingdom;Western Europe;John Wiley and Sons Inc;2001-2024;"Endocrinology, Diabetes and Metabolism (Q1); Internal Medicine (Q1); Pediatrics, Perinatology and Child Health (Q1)";Medicine
56;26172;Journal of Endocrinology;journal;14796805, 00220795;BioScientifica Ltd.;No;No;1,194;Q1;172;91;236;7506;895;232;4,03;82,48;46,8;0;40;United Kingdom;Western Europe;BioScientifica Ltd.;1946-2025;"Endocrinology, Diabetes and Metabolism (Q1); Endocrinology (Q2)";"Biochemistry, Genetics and Molecular Biology; Medicine"
57;26032;Endocrine Practice;journal;1530891X, 19342403;Elsevier B.V.;No;No;1,182;Q1;107;176;517;6431;1684;452;3,46;36,54;49,95;1;105;United States;Northern America;Elsevier B.V.;2000-2025;"Endocrinology, Diabetes and Metabolism (Q1); Medicine (miscellaneous) (Q1); Endocrinology (Q2)";"Biochemistry, Genetics and Molecular Biology; Medicine"
58;21101184726;Immunometabolism (United States);journal;26330407;Lippincott Williams and Wilkins;No;No;1,182;Q1;18;17;80;1454;241;78;3;85,53;39,62;0;9;United States;Northern America;Lippincott Williams and Wilkins;2019-2025;"Endocrinology, Diabetes and Metabolism (Q1); Immunology and Allergy (Q2)";Medicine
59;21101220015;Obesity Pillars;journal;26673681;Elsevier B.V.;Yes;No;1,16;Q1;14;47;75;2164;350;65;4,67;46,04;53,57;0;46;Netherlands;Western Europe;Elsevier B.V.;2022-2025;"Endocrinology, Diabetes and Metabolism (Q1); Nutrition and Dietetics (Q1); Endocrinology (Q2)";"Biochemistry, Genetics and Molecular Biology; Medicine; Nursing"
60;19700174930;Diabetology and Metabolic Syndrome;journal;17585996;BioMed Central Ltd;Yes;No;1,152;Q1;74;308;592;14758;2443;588;3,97;47,92;46,61;2;277;United Kingdom;Western Europe;BioMed Central Ltd;2009-2025;"Endocrinology, Diabetes and Metabolism (Q1); Internal Medicine (Q1)";Medicine
61;22130;Obesity Surgery;journal;09608923, 17080428;Springer;No;No;1,148;Q1;164;642;1913;16685;4866;1533;2,38;25,99;37,48;1;364;United States;Northern America;Springer;1991-2025;"Endocrinology, Diabetes and Metabolism (Q1); Nutrition and Dietetics (Q1); Surgery (Q1)";"Medicine; Nursing"
62;19700201424;Journal of Diabetes Investigation;journal;20401116, 20401124;John Wiley and Sons Inc;Yes;No;1,145;Q1;75;216;711;7747;2264;607;2,98;35,87;39,15;0;185;Australia;Pacific Region;John Wiley and Sons Inc;2010-2025;"Endocrinology, Diabetes and Metabolism (Q1); Internal Medicine (Q1); Medicine (miscellaneous) (Q1)";Medicine
63;21101023286;JBMR Plus;journal;24734039;Oxford University Press;Yes;No;1,13;Q2;36;142;351;6263;1186;341;2,35;44,11;45,91;0;32;United States;Northern America;Oxford University Press;2017-2025;"Orthopedics and Sports Medicine (Q1); Endocrinology, Diabetes and Metabolism (Q2)";Medicine
64;130088;Clinical Diabetes;journal;08918929;American Diabetes Association Inc.;No;No;1,125;Q2;51;76;206;1602;602;171;2,81;21,08;59,84;0;55;United States;Northern America;American Diabetes Association Inc.;2005-2025;"Internal Medicine (Q1); Endocrinology, Diabetes and Metabolism (Q2)";Medicine
65;130160;Diabetes and Vascular Disease Research;journal;14791641;SAGE Publications Ltd;Yes;No;1,122;Q2;65;23;106;784;366;104;2,96;34,09;42,86;0;21;United Kingdom;Western Europe;SAGE Publications Ltd;2004-2025;"Cardiology and Cardiovascular Medicine (Q1); Internal Medicine (Q1); Endocrinology, Diabetes and Metabolism (Q2)";Medicine
66;26662;Pancreatology;journal;14243911, 14243903;Elsevier B.V.;No;No;1,119;Q2;92;191;499;6333;1382;463;2,69;33,16;28,6;0;93;Netherlands;Western Europe;Elsevier B.V.;2001-2025;"Gastroenterology (Q1); Endocrinology (Q2); Endocrinology, Diabetes and Metabolism (Q2); Hepatology (Q2)";"Biochemistry, Genetics and Molecular Biology; Medicine"
67;21100913479;Frontiers in Nutrition;journal;2296861X;Frontiers Media SA;Yes;No;1,115;Q2;94;1975;6512;108181;34265;6166;5,03;54,78;48,94;4;963;Switzerland;Western Europe;Frontiers Media SA;2014-2025;"Food Science (Q1); Nutrition and Dietetics (Q1); Endocrinology, Diabetes and Metabolism (Q2)";"Agricultural and Biological Sciences; Medicine; Nursing"
68;19700175162;Journal of Diabetes;journal;17530407, 17530393;Wiley-Blackwell;Yes;No;1,105;Q2;61;169;320;7004;1014;237;3,46;41,44;49,07;2;151;United States;Northern America;Wiley-Blackwell;2009-2025;Endocrinology, Diabetes and Metabolism (Q2);Medicine
69;21100872100;European Thyroid Journal;journal;22350640, 22350802;BioScientifica Ltd.;Yes;No;1,104;Q2;32;70;211;2894;865;204;4,35;41,34;47,2;0;36;Switzerland;Western Europe;BioScientifica Ltd.;2013-2014, 2017-2025;Endocrinology, Diabetes and Metabolism (Q2);Medicine
70;13241;Nutrition, Metabolism and Cardiovascular Diseases;journal;15903729, 09394753;Elsevier B.V.;No;No;1,098;Q2;125;331;983;14119;3619;945;3,64;42,66;44,86;1;238;Netherlands;Western Europe;Elsevier B.V.;1996-2025;"Cardiology and Cardiovascular Medicine (Q1); Medicine (miscellaneous) (Q1); Nutrition and Dietetics (Q1); Endocrinology, Diabetes and Metabolism (Q2)";"Medicine; Nursing"
71;26649;Neuroendocrinology;journal;00283835, 14230194;S. Karger AG;No;No;1,094;Q2;115;94;272;6205;922;270;2,91;66,01;44,15;0;28;Switzerland;Western Europe;S. Karger AG;1965, 1967-2025;"Cellular and Molecular Neuroscience (Q2); Endocrine and Autonomic Systems (Q2); Endocrinology (Q2); Endocrinology, Diabetes and Metabolism (Q2)";"Biochemistry, Genetics and Molecular Biology; Medicine; Neuroscience"
72;26678;Pituitary;journal;15737403, 1386341X;Springer;No;No;1,086;Q2;84;102;275;4676;1038;269;3,41;45,84;45,09;0;33;United States;Northern America;Springer;1998-2025;"Endocrinology (Q2); Endocrinology, Diabetes and Metabolism (Q2)";"Biochemistry, Genetics and Molecular Biology; Medicine"
73;21100232419;Andrology;journal;20472927, 20472919;"John Wiley &amp; Sons Inc.";No;No;1,079;Q2;76;283;532;15418;2115;498;3,68;54,48;41,52;0;116;United States;Northern America;"John Wiley &amp; Sons Inc.";2013-2025;"Reproductive Medicine (Q1); Urology (Q1); Endocrinology (Q2); Endocrinology, Diabetes and Metabolism (Q2)";"Biochemistry, Genetics and Molecular Biology; Medicine"
74;25387;Acta Diabetologica;journal;14325233, 09405429;Springer-Verlag Italia s.r.l.;No;No;1,07;Q2;90;223;552;8404;1713;506;2,81;37,69;50,73;0;199;Italy;Western Europe;Springer-Verlag Italia s.r.l.;1991-2025;"Medicine (miscellaneous) (Q1); Endocrinology (Q2); Endocrinology, Diabetes and Metabolism (Q2); Internal Medicine (Q2)";"Biochemistry, Genetics and Molecular Biology; Medicine"
75;19700175906;Diabetes Therapy;journal;18696961, 18696953;Springer Publishing Company;Yes;No;1,07;Q2;59;168;499;6838;1534;465;2,62;40,7;39,32;1;166;United States;Northern America;Springer Publishing Company;2010-2025;"Endocrinology, Diabetes and Metabolism (Q2); Internal Medicine (Q2)";Medicine
76;21100241689;Journal of Diabetes Research;journal;23146745, 23146753;John Wiley and Sons Ltd;Yes;No;1,065;Q2;90;102;435;3575;1777;433;3,5;35,05;46,23;0;96;United Kingdom;Western Europe;John Wiley and Sons Ltd;2013-2025;"Endocrinology (Q2); Endocrinology, Diabetes and Metabolism (Q2)";"Biochemistry, Genetics and Molecular Biology; Medicine"
77;25440;Canadian Journal of Diabetes;journal;23523840, 14992671;Elsevier B.V.;No;No;1,059;Q2;59;83;339;2984;806;307;2,32;35,95;61,7;0;81;Netherlands;Western Europe;Elsevier B.V.;2002-2025;"Medicine (miscellaneous) (Q1); Endocrinology (Q2); Endocrinology, Diabetes and Metabolism (Q2); Internal Medicine (Q2)";"Biochemistry, Genetics and Molecular Biology; Medicine"
78;26160;Journal of Diabetes and its Complications;journal;10568727, 1873460X;Elsevier Inc.;No;No;1,048;Q2;104;134;507;5083;1557;474;2,92;37,93;45,67;1;124;United States;Northern America;Elsevier Inc.;1992-2025;"Endocrinology (Q2); Endocrinology, Diabetes and Metabolism (Q2); Internal Medicine (Q2)";"Biochemistry, Genetics and Molecular Biology; Medicine"
79;21100215166;Journal of Obesity;journal;20900716, 20900708;John Wiley and Sons Ltd;Yes;No;1,035;Q2;70;17;58;436;236;58;4,14;25,65;45,54;0;17;United Kingdom;Western Europe;John Wiley and Sons Ltd;2010-2024;Endocrinology, Diabetes and Metabolism (Q2);Medicine
80;13343;Nutrition Research;journal;18790739, 02715317;Elsevier Inc.;No;No;1,017;Q2;117;133;295;7554;1220;291;3,33;56,8;56,97;0;74;United States;Northern America;Elsevier Inc.;1981-2025;"Nutrition and Dietetics (Q1); Endocrinology (Q2); Endocrinology, Diabetes and Metabolism (Q2)";"Biochemistry, Genetics and Molecular Biology; Medicine; Nursing"
81;10100153328;Genes and Nutrition;journal;15558932, 18653499;BioMed Central Ltd;Yes;No;1,008;Q2;69;23;51;1329;180;50;4,26;57,78;53,72;0;15;United Kingdom;Western Europe;BioMed Central Ltd;2007-2025;"Endocrinology, Diabetes and Metabolism (Q2); Genetics (Q2)";"Biochemistry, Genetics and Molecular Biology; Medicine"
82;25444;Clinical Endocrinology;journal;13652265, 03000664;Wiley-Blackwell Publishing Ltd;No;No;1,006;Q2;169;147;581;5622;1709;534;2,77;38,24;49,34;3;48;United Kingdom;Western Europe;Wiley-Blackwell Publishing Ltd;1972-2025;"Endocrinology (Q2); Endocrinology, Diabetes and Metabolism (Q2)";"Biochemistry, Genetics and Molecular Biology; Medicine"
83;21100403902;Metabolites;journal;22181989;Multidisciplinary Digital Publishing Institute (MDPI);Yes;No;0,996;Q2;79;726;3371;52028;13805;3344;3,91;71,66;48,1;0;293;Switzerland;Western Europe;Multidisciplinary Digital Publishing Institute (MDPI);2011-2025;"Biochemistry (Q2); Endocrinology, Diabetes and Metabolism (Q2); Molecular Biology (Q2)";"Biochemistry, Genetics and Molecular Biology; Medicine"
84;5700165201;Diabetes and Metabolic Syndrome: Clinical Research and Reviews;journal;18780334, 18714021;Elsevier Ltd;No;No;0,986;Q2;92;156;731;8680;2677;680;3,55;55,64;45,91;0;135;United Kingdom;Western Europe;Elsevier Ltd;2007-2025;"Medicine (miscellaneous) (Q1); Endocrinology, Diabetes and Metabolism (Q2); Internal Medicine (Q2)";Medicine
85;21100941739;Journal of the Endocrine Society;journal;24721972;Endocrine Society;Yes;No;0,979;Q2;50;225;554;9037;1552;528;2,73;40,16;50,14;1;119;United States;Northern America;Endocrine Society;2017-2025;Endocrinology, Diabetes and Metabolism (Q2);Medicine
86;78208;Endocrine;journal;15590100, 1355008X;Springer;No;No;0,971;Q2;107;520;1005;21641;3153;927;3,08;41,62;49,37;1;302;United States;Northern America;Springer;1993-2025;"Endocrinology (Q2); Endocrinology, Diabetes and Metabolism (Q2)";"Biochemistry, Genetics and Molecular Biology; Medicine"
87;13307;Nutrition;journal;18731244, 08999007;Elsevier Inc.;No;No;0,961;Q2;168;250;907;11237;3197;863;3,33;44,95;53,61;0;147;United States;Northern America;Elsevier Inc.;1987-2025;"Endocrinology, Diabetes and Metabolism (Q2); Nutrition and Dietetics (Q2)";"Medicine; Nursing"
88;21101028421;JMIR Diabetes;journal;23714379;JMIR Publications Inc.;Yes;No;0,944;Q2;25;32;127;1261;383;127;2,77;39,41;55,5;0;32;Canada;Northern America;JMIR Publications Inc.;2016-2025;"Biomedical Engineering (Q2); Endocrinology, Diabetes and Metabolism (Q2); Health Informatics (Q2); Health Information Management (Q2)";"Engineering; Health Professions; Medicine"
89;25411;BMC Endocrine Disorders;journal;14726823;BioMed Central Ltd;Yes;No;0,925;Q2;63;279;848;11071;2924;847;3,41;39,68;47,1;0;210;United Kingdom;Western Europe;BioMed Central Ltd;2001-2025;"Medicine (miscellaneous) (Q1); Endocrinology, Diabetes and Metabolism (Q2)";Medicine
90;6500153242;Expert Review of Endocrinology and Metabolism;journal;17446651;Taylor and Francis Ltd.;No;No;0,915;Q2;39;54;130;4189;384;121;2,95;77,57;44,94;0;35;United Kingdom;Western Europe;Taylor and Francis Ltd.;2006-2025;Endocrinology, Diabetes and Metabolism (Q2);Medicine
91;14155;Molecular Genetics and Metabolism;journal;10967206, 10967192;Academic Press Inc.;No;No;0,915;Q2;129;135;387;6123;1239;363;3,17;45,36;57,01;3;7;United States;Northern America;Academic Press Inc.;1998-2025;"Biochemistry (Q2); Endocrinology (Q2); Endocrinology, Diabetes and Metabolism (Q2); Genetics (Q2); Molecular Biology (Q2)";"Biochemistry, Genetics and Molecular Biology; Medicine"
92;130029;Journal of Sexual Medicine;journal;17436095, 17436109;Oxford University Press;No;No;0,907;Q2;145;172;594;5030;1858;516;2,56;29,24;45,9;0;72;United Kingdom;Western Europe;Oxford University Press;2004-2025;"Obstetrics and Gynecology (Q1); Reproductive Medicine (Q1); Urology (Q1); Behavioral Neuroscience (Q2); Endocrinology (Q2); Endocrinology, Diabetes and Metabolism (Q2); Psychiatry and Mental Health (Q2)";"Biochemistry, Genetics and Molecular Biology; Medicine; Neuroscience"
93;21100824973;Endocrine Connections;journal;20493614;BioScientifica Ltd.;Yes;No;0,905;Q2;50;119;508;5512;1448;499;2,86;46,32;52,14;0;68;United Kingdom;Western Europe;BioScientifica Ltd.;2013-2025;"Endocrinology (Q2); Endocrinology, Diabetes and Metabolism (Q2); Internal Medicine (Q2)";"Biochemistry, Genetics and Molecular Biology; Medicine"
94;145630;Diabetes Spectrum;journal;10409165;American Diabetes Association Inc.;No;No;0,899;Q2;47;48;164;1668;302;144;1,81;34,75;66,67;0;42;United States;Northern America;American Diabetes Association Inc.;2005-2024;"Endocrinology, Diabetes and Metabolism (Q2); Internal Medicine (Q2)";Medicine
95;21100369715;Metabolic Engineering Communications;journal;22140301;Elsevier B.V.;Yes;No;0,896;Q2;43;25;72;1822;353;72;4,78;72,88;40,6;0;7;Netherlands;Western Europe;Elsevier B.V.;2014-2025;"Biomedical Engineering (Q2); Endocrinology, Diabetes and Metabolism (Q2)";"Engineering; Medicine"
96;5600157619;Obesity Research and Clinical Practice;journal;1871403X, 18780318;Elsevier Ltd;No;No;0,889;Q2;53;69;257;2131;644;224;2,12;30,88;36,56;0;60;United Kingdom;Western Europe;Elsevier Ltd;2007-2025;"Endocrinology, Diabetes and Metabolism (Q2); Nutrition and Dietetics (Q2)";"Medicine; Nursing"
97;21100337102;Sexual Medicine Reviews;journal;20500513, 20500521;Oxford University Press;No;No;0,887;Q2;49;82;172;4782;683;160;3,63;58,32;42,34;0;37;United Kingdom;Western Europe;Oxford University Press;2013-2025;"Dermatology (Q1); Obstetrics and Gynecology (Q1); Reproductive Medicine (Q1); Urology (Q1); Behavioral Neuroscience (Q2); Endocrinology (Q2); Endocrinology, Diabetes and Metabolism (Q2); Psychiatry and Mental Health (Q2)";"Biochemistry, Genetics and Molecular Biology; Medicine; Neuroscience"
98;19700171310;Hormone Research in Paediatrics;journal;16632826, 16632818;S. Karger AG;No;No;0,884;Q2;103;120;266;4389;751;250;2,88;36,58;58,85;0;47;Switzerland;Western Europe;S. Karger AG;1970-1997, 2010-2025;"Pediatrics, Perinatology and Child Health (Q1); Endocrinology (Q2); Endocrinology, Diabetes and Metabolism (Q2)";"Biochemistry, Genetics and Molecular Biology; Medicine"
99;21101038561;Discover Oncology;journal;27306011;Springer Science and Business Media Deutschland GmbH;Yes;No;0,88;Q2;47;844;434;44934;1343;432;2,99;53,24;40,64;0;776;Germany;Western Europe;Springer Science and Business Media Deutschland GmbH;2021-2025;"Endocrine and Autonomic Systems (Q2); Endocrinology (Q2); Endocrinology, Diabetes and Metabolism (Q2); Oncology (Q2); Cancer Research (Q3)";"Biochemistry, Genetics and Molecular Biology; Medicine; Neuroscience"
100;21100978912;Endocrinology, Diabetes and Metabolism;journal;23989238;Wiley-Blackwell Publishing Ltd;Yes;No;0,874;Q2;22;66;263;3022;745;257;2,74;45,79;47,14;1;48;United Kingdom;Western Europe;Wiley-Blackwell Publishing Ltd;2019-2025;Endocrinology, Diabetes and Metabolism (Q2);Medicine
101;5800173371;Sexual Development;journal;16615433, 16615425;S. Karger AG;No;No;0,871;Q2;56;9;107;283;276;100;2,57;31,44;54,24;0;3;Switzerland;Western Europe;S. Karger AG;2006-2024;"Embryology (Q1); Developmental Biology (Q2); Endocrinology, Diabetes and Metabolism (Q2)";"Biochemistry, Genetics and Molecular Biology; Medicine"
102;26157;Journal of Bone and Mineral Metabolism;journal;09148779, 14355604;Springer;No;No;0,86;Q2;88;91;317;3570;987;298;2,1;39,23;28,91;0;22;Japan;Asiatic Region;Springer;1988-2025;"Endocrinology (Q2); Endocrinology, Diabetes and Metabolism (Q2); Medicine (miscellaneous) (Q2); Orthopedics and Sports Medicine (Q2)";"Biochemistry, Genetics and Molecular Biology; Medicine"
103;21101179187;touchREVIEWS in Endocrinology;journal;27525457;Touch Briefings;No;No;0,852;Q2;9;28;65;1361;212;61;3,6;48,61;45,35;0;17;United Kingdom;Western Europe;Touch Briefings;2021-2024;"Endocrinology (Q2); Endocrinology, Diabetes and Metabolism (Q2); Endocrine and Autonomic Systems (Q3)";"Biochemistry, Genetics and Molecular Biology; Medicine; Neuroscience"
104;130171;Metabolomics;journal;15733890, 15733882;Springer;No;No;0,835;Q2;103;129;303;7137;1039;300;3,37;55,33;43,1;0;42;United States;Northern America;Springer;2005-2025;"Biochemistry (Q2); Clinical Biochemistry (Q2); Endocrinology, Diabetes and Metabolism (Q2)";"Biochemistry, Genetics and Molecular Biology; Medicine"
105;21101054302;Science of Diabetes Self-Management and Care;journal;26350114, 26350106;SAGE Publications Inc.;No;No;0,833;Q2;85;47;115;1823;284;103;2,07;38,79;72,57;0;44;United States;Northern America;SAGE Publications Inc.;2021-2025;"Health Professions (miscellaneous) (Q1); Health (social science) (Q1); Endocrinology, Diabetes and Metabolism (Q2)";"Health Professions; Medicine; Social Sciences"
106;5600152801;Primary Care Diabetes;journal;18780210, 17519918;Elsevier Ltd;No;No;0,832;Q2;52;98;409;3593;1028;383;2,12;36,66;49,52;0;90;United Kingdom;Western Europe;Elsevier Ltd;2007-2025;"Family Practice (Q1); Endocrinology, Diabetes and Metabolism (Q2); Internal Medicine (Q2); Nutrition and Dietetics (Q2)";"Medicine; Nursing"
107;19600161812;Clinical Medicine Insights: Endocrinology and Diabetes;journal;11795514;SAGE Publications Ltd;Yes;No;0,831;Q2;25;34;70;1302;225;68;2,98;38,29;41,18;0;27;United Kingdom;Western Europe;SAGE Publications Ltd;2008-2025;"Endocrinology, Diabetes and Metabolism (Q2); Internal Medicine (Q2)";Medicine
108;21100873115;Annals of Pediatric Endocrinology and Metabolism;journal;22871012, 22871292;Korean society of pediatric endocrinology;Yes;Yes;0,827;Q2;22;59;154;1686;368;122;2,46;28,58;48,28;0;20;South Korea;Asiatic Region;Korean society of pediatric endocrinology;2015-2016, 2018-2024;"Pediatrics, Perinatology and Child Health (Q1); Endocrinology, Diabetes and Metabolism (Q2)";Medicine
109;4100151702;Vascular Health and Risk Management;journal;11766344;Dove Medical Press Ltd.;Yes;No;0,826;Q2;86;54;250;2293;798;236;2,9;42,46;38,91;0;30;New Zealand;Pacific Region;Dove Medical Press Ltd.;2005-2025;"Cardiology and Cardiovascular Medicine (Q2); Endocrinology, Diabetes and Metabolism (Q2); Hematology (Q2); Medicine (miscellaneous) (Q2); Pharmacology (medical) (Q2); Public Health, Environmental and Occupational Health (Q2)";Medicine
110;5300152207;Current Opinion in Endocrinology, Diabetes and Obesity;journal;1752296X, 17522978;Lippincott Williams and Wilkins;No;No;0,825;Q2;87;45;227;2172;551;200;2,5;48,27;45,05;0;25;United States;Northern America;Lippincott Williams and Wilkins;2007-2025;"Endocrinology (Q2); Endocrinology, Diabetes and Metabolism (Q2); Internal Medicine (Q2); Medicine (miscellaneous) (Q2); Nutrition and Dietetics (Q2)";"Biochemistry, Genetics and Molecular Biology; Medicine; Nursing"
111;23853;Journal of Clinical Hypertension;journal;15246175, 17517176;Wiley-Blackwell Publishing Ltd;Yes;No;0,823;Q2;86;169;596;5683;1593;508;2,33;33,63;40,57;0;70;United States;Northern America;Wiley-Blackwell Publishing Ltd;2001-2025;"Cardiology and Cardiovascular Medicine (Q2); Endocrinology, Diabetes and Metabolism (Q2); Internal Medicine (Q2)";Medicine
112;21100399701;Clinical Obesity;journal;17588103, 17588111;"John Wiley &amp; Sons Inc.";No;No;0,817;Q2;41;92;186;3687;487;180;2,19;40,08;51,29;0;72;United Kingdom;Western Europe;"John Wiley &amp; Sons Inc.";2011-2025;Endocrinology, Diabetes and Metabolism (Q2);Medicine
113;16901;Biological Trace Element Research;journal;15590720, 01634984;Springer;Yes;No;0,81;Q2;110;671;1481;41399;6673;1465;4,31;61,7;45,98;0;289;United States;Northern America;Springer;1979-2025;"Inorganic Chemistry (Q1); Biochemistry (Q2); Biochemistry (medical) (Q2); Clinical Biochemistry (Q2); Endocrinology, Diabetes and Metabolism (Q2); Medicine (miscellaneous) (Q2)";"Biochemistry, Genetics and Molecular Biology; Chemistry; Medicine"
114;21100445637;Clinical Nutrition ESPEN;journal;24054577;Elsevier Ltd;No;No;0,805;Q2;46;388;1117;17393;3217;1092;2,67;44,83;48,5;0;217;United Kingdom;Western Europe;Elsevier Ltd;2015-2025;"Endocrinology, Diabetes and Metabolism (Q2); Nutrition and Dietetics (Q2)";"Medicine; Nursing"
115;19700200840;Childhood Obesity;journal;21532176, 21532168;Mary Ann Liebert Inc.;No;No;0,793;Q2;54;89;209;3609;462;198;1,87;40,55;63,96;0;71;United States;Northern America;Mary Ann Liebert Inc.;2010-2025;"Pediatrics, Perinatology and Child Health (Q1); Endocrinology, Diabetes and Metabolism (Q2); Nutrition and Dietetics (Q2)";"Medicine; Nursing"
116;21100932754;Obesity Science and Practice;journal;20552238;Wiley-Blackwell;Yes;No;0,785;Q2;31;114;225;4773;519;223;2,36;41,87;60;0;105;United States;Northern America;Wiley-Blackwell;2016-2025;"Endocrinology, Diabetes and Metabolism (Q2); Nutrition and Dietetics (Q2)";"Medicine; Nursing"
117;4200151515;Hormones;journal;11093099, 25208721;Springer Verlag;No;No;0,78;Q2;59;126;263;5263;617;231;2;41,77;50,67;0;64;Germany;Western Europe;Springer Verlag;2005-2025;"Endocrinology, Diabetes and Metabolism (Q2); Medicine (miscellaneous) (Q2)";Medicine
118;21101160578;Life Metabolism;journal;27550230, 20972555;Oxford University Press;Yes;Yes;0,78;Q2;7;39;80;2402;131;70;1,64;61,59;46,34;0;14;United Kingdom;Western Europe;Oxford University Press;2022-2025;"Biochemistry, Genetics and Molecular Biology (miscellaneous) (Q2); Biochemistry (medical) (Q2); Endocrinology, Diabetes and Metabolism (Q2); Cell Biology (Q3)";"Biochemistry, Genetics and Molecular Biology; Medicine"
119;4700151731;Applied Physiology, Nutrition and Metabolism;journal;17155312;National Research Council of Canada;No;No;0,774;Q2;114;162;416;6939;1030;408;2,14;42,83;47,66;0;49;Canada;Northern America;National Research Council of Canada;2006-2025;"Endocrinology, Diabetes and Metabolism (Q2); Medicine (miscellaneous) (Q2); Nutrition and Dietetics (Q2); Physiology (Q2); Physiology (medical) (Q2); Sports Science (Q2)";"Biochemistry, Genetics and Molecular Biology; Health Professions; Medicine; Nursing"
120;7800153101;Review of Diabetic Studies;journal;16140575, 16136071;;No;No;0,773;Q2;55;9;53;314;171;53;3,26;34,89;51,72;0;7;Germany;Western Europe;;2007-2024;"Endocrinology (Q2); Endocrinology, Diabetes and Metabolism (Q2); Internal Medicine (Q2); Medicine (miscellaneous) (Q2)";"Biochemistry, Genetics and Molecular Biology; Medicine"
121;21101107951;Comprehensive Psychoneuroendocrinology;journal;26664976;Elsevier Ltd;Yes;No;0,763;Q2;15;55;162;3420;434;152;2,31;62,18;61,7;0;12;United Kingdom;Western Europe;Elsevier Ltd;2020-2025;"Endocrinology, Diabetes and Metabolism (Q2); Neurology (clinical) (Q2); Psychiatry and Mental Health (Q2); Psychology (miscellaneous) (Q2); Biological Psychiatry (Q3); Endocrine and Autonomic Systems (Q3); Immunology (Q3)";"Immunology and Microbiology; Medicine; Neuroscience; Psychology"
122;25391;Annales d'Endocrinologie;journal;00034266, 22133941;Elsevier Masson s.r.l.;No;No;0,761;Q2;49;81;207;2985;480;161;2,13;36,85;57,78;0;36;France;Western Europe;Elsevier Masson s.r.l.;1946-1947, 1949-2025;"Endocrinology (Q2); Endocrinology, Diabetes and Metabolism (Q2); Medicine (miscellaneous) (Q2)";"Biochemistry, Genetics and Molecular Biology; Medicine"
123;21100386862;Bone Reports;journal;23521872;Elsevier Inc.;Yes;No;0,75;Q2;35;87;285;4373;687;283;2,51;50,26;43,42;0;16;United States;Northern America;Elsevier Inc.;2015-2025;"Endocrinology, Diabetes and Metabolism (Q2); Orthopedics and Sports Medicine (Q2)";Medicine
124;21101195082;Frontiers in Clinical Diabetes and Healthcare;journal;26736616;Frontiers Media SA;Yes;No;0,749;Q2;9;52;164;2238;339;158;1,94;43,04;58,56;0;51;Switzerland;Western Europe;Frontiers Media SA;2020-2024;Endocrinology, Diabetes and Metabolism (Q2);Medicine
125;26030;Endocrine Journal;journal;09188959, 13484540;Japan Endocrine Society;Yes;No;0,747;Q2;87;119;431;4463;951;408;2,17;37,5;30,66;0;59;Japan;Asiatic Region;Japan Endocrine Society;1954-1958, 1961-1962, 1993-2025;"Endocrinology, Diabetes and Metabolism (Q2); Endocrinology (Q3)";"Biochemistry, Genetics and Molecular Biology; Medicine"
126;26660;Pancreas;journal;15364828, 08853177;Lippincott Williams and Wilkins;No;No;0,747;Q3;123;139;562;4393;865;426;1,25;31,6;30,79;0;61;United States;Northern America;Lippincott Williams and Wilkins;1986-2025;"Hepatology (Q2); Internal Medicine (Q2); Endocrinology (Q3); Endocrinology, Diabetes and Metabolism (Q3)";"Biochemistry, Genetics and Molecular Biology; Medicine"
127;21100228081;Journal of Nutrition and Metabolism;journal;20900732, 20900724;John Wiley and Sons Ltd;Yes;No;0,735;Q3;61;34;144;1919;442;144;2,66;56,44;56,91;0;15;United Kingdom;Western Europe;John Wiley and Sons Ltd;2010-2024;"Food Science (Q1); Nutrition and Dietetics (Q2); Endocrinology, Diabetes and Metabolism (Q3)";"Agricultural and Biological Sciences; Medicine; Nursing"
128;21100316069;Journal of Clinical and Translational Endocrinology;journal;22146237;Elsevier B.V.;Yes;No;0,73;Q3;33;47;83;2343;254;79;2,94;49,85;53,91;1;32;Netherlands;Western Europe;Elsevier B.V.;2014-2025;"Endocrinology (Q3); Endocrinology, Diabetes and Metabolism (Q3)";"Biochemistry, Genetics and Molecular Biology; Medicine"
129;14102;Journal of Steroid Biochemistry and Molecular Biology;journal;09600760, 18791220;Elsevier Ltd;No;No;0,729;Q3;149;112;404;6663;1158;399;2,56;59,49;48,51;1;44;United Kingdom;Western Europe;Elsevier Ltd;1990-2025;"Biochemistry (Q2); Clinical Biochemistry (Q2); Cell Biology (Q3); Endocrinology (Q3); Endocrinology, Diabetes and Metabolism (Q3); Molecular Biology (Q3); Molecular Medicine (Q3)";"Biochemistry, Genetics and Molecular Biology; Medicine"
130;21100899564;Current Opinion in Endocrine and Metabolic Research;journal;24519650;Elsevier Ltd;No;No;0,72;Q3;22;33;178;1818;364;169;1,57;55,09;54,88;0;18;United Kingdom;Western Europe;Elsevier Ltd;2018-2025;Endocrinology, Diabetes and Metabolism (Q3);Medicine
131;21100853532;Nutrition and Metabolic Insights;journal;11786388;Libertas Academica Ltd.;Yes;No;0,704;Q3;24;20;72;1027;222;72;2,3;51,35;39,56;0;9;New Zealand;Pacific Region;Libertas Academica Ltd.;2008-2025;"Food Science (Q2); Nutrition and Dietetics (Q2); Endocrinology, Diabetes and Metabolism (Q3)";"Agricultural and Biological Sciences; Medicine; Nursing"
132;21101174245;Metabolism and Target Organ Damage;journal;27696375;OAE Publishing Inc.;No;No;0,696;Q3;8;51;54;3815;136;43;2,48;74,8;31,72;0;30;United States;Northern America;OAE Publishing Inc.;2021-2025;Endocrinology, Diabetes and Metabolism (Q3);Medicine
133;21100198009;US Endocrinology;journal;17583918, 17583926;Touch Briefings;No;No;0,673;Q3;10;8;13;328;30;13;2,36;41;43,48;0;4;United Kingdom;Western Europe;Touch Briefings;2008-2024;Endocrinology, Diabetes and Metabolism (Q3);Medicine
134;4700152610;Current Diabetes Reviews;journal;15733998, 18756417;Bentham Science Publishers;No;No;0,672;Q3;73;142;300;9930;787;293;2,08;69,93;40,63;0;136;United Arab Emirates;Middle East;Bentham Science Publishers;1996, 2005-2025;"Endocrinology (Q3); Endocrinology, Diabetes and Metabolism (Q3)";"Biochemistry, Genetics and Molecular Biology; Medicine"
135;26117;Gynecological Endocrinology;journal;09513590, 14730766;Taylor and Francis Ltd.;Yes;No;0,67;Q3;79;101;537;3850;1209;515;1,94;38,12;52,91;3;26;United Kingdom;Western Europe;Taylor and Francis Ltd.;1987-2025;"Obstetrics and Gynecology (Q2); Endocrinology (Q3); Endocrinology, Diabetes and Metabolism (Q3)";"Biochemistry, Genetics and Molecular Biology; Medicine"
136;21100415502;Journal of Nutritional Science;journal;20486790;Cambridge University Press;Yes;No;0,668;Q3;43;84;338;3994;780;324;1,91;47,55;60,05;1;44;United Kingdom;Western Europe;Cambridge University Press;2012-2025;"Food Science (Q2); Nutrition and Dietetics (Q2); Endocrinology, Diabetes and Metabolism (Q3)";"Agricultural and Biological Sciences; Medicine; Nursing"
137;19700188446;International Journal of Endocrinology;journal;16878337, 16878345;John Wiley and Sons Ltd;Yes;No;0,667;Q3;84;37;384;1605;914;384;2,39;43,38;45,63;0;24;United States;Northern America;John Wiley and Sons Ltd;2009-2024;"Endocrine and Autonomic Systems (Q3); Endocrinology (Q3); Endocrinology, Diabetes and Metabolism (Q3)";"Biochemistry, Genetics and Molecular Biology; Medicine; Neuroscience"
138;21101162549;Diabetology;journal;26734540;Multidisciplinary Digital Publishing Institute (MDPI);Yes;No;0,661;Q3;11;53;124;2818;320;109;2,23;53,17;56,42;0;52;Switzerland;Western Europe;Multidisciplinary Digital Publishing Institute (MDPI);2020-2025;"Internal Medicine (Q2); Medicine (miscellaneous) (Q2); Endocrinology, Diabetes and Metabolism (Q3)";Medicine
139;21101018868;BMC Nutrition;journal;20550928;BioMed Central Ltd;Yes;No;0,656;Q3;36;170;390;8102;959;390;2,33;47,66;50,62;1;108;United Kingdom;Western Europe;BioMed Central Ltd;2015-2025;"Medicine (miscellaneous) (Q2); Nutrition and Dietetics (Q2); Public Health, Environmental and Occupational Health (Q2); Endocrinology, Diabetes and Metabolism (Q3)";"Medicine; Nursing"
140;21100434606;Sexual Medicine;journal;20501161;Oxford University Press;Yes;No;0,654;Q3;36;94;325;3248;872;320;2,02;34,55;39,28;0;39;United Kingdom;Western Europe;Oxford University Press;2013-2025;"Dermatology (Q2); Psychiatry and Mental Health (Q2); Reproductive Medicine (Q2); Urology (Q2); Behavioral Neuroscience (Q3); Endocrinology (Q3); Endocrinology, Diabetes and Metabolism (Q3)";"Biochemistry, Genetics and Molecular Biology; Medicine; Neuroscience"
141;26709;Seminars in Reproductive Medicine;journal;15268004, 15264564;Thieme Medical Publishers, Inc.;No;No;0,641;Q3;99;55;72;3896;141;67;1,89;70,84;61,19;0;31;United States;Northern America;Thieme Medical Publishers, Inc.;1999-2025;"Obstetrics and Gynecology (Q2); Reproductive Medicine (Q2); Endocrinology (Q3); Endocrinology, Diabetes and Metabolism (Q3); Physiology (medical) (Q3)";"Biochemistry, Genetics and Molecular Biology; Medicine"
142;21101140114;American Journal of Medicine Open;journal;26670364;Elsevier Inc.;Yes;No;0,637;Q3;5;17;52;786;153;47;3,02;46,24;48,05;0;12;United States;Northern America;Elsevier Inc.;2021-2025;"Cardiology and Cardiovascular Medicine (Q2); Internal Medicine (Q2); Endocrinology, Diabetes and Metabolism (Q3); Geriatrics and Gerontology (Q3)";Medicine
143;15856;Journal of Clinical Densitometry;journal;10946950, 15590747;Elsevier Inc.;No;No;0,63;Q3;85;57;207;1826;364;195;1,58;32,04;45,73;0;9;United States;Northern America;Elsevier Inc.;1998-2025;"Orthopedics and Sports Medicine (Q2); Radiology, Nuclear Medicine and Imaging (Q2); Endocrinology, Diabetes and Metabolism (Q3)";Medicine
144;21101038538;Human Nutrition and Metabolism;journal;26661497;Elsevier B.V.;Yes;No;0,622;Q3;23;58;109;3872;227;107;2,08;66,76;54,76;0;42;Netherlands;Western Europe;Elsevier B.V.;2020-2025;"Food Science (Q2); Endocrinology, Diabetes and Metabolism (Q3); Nutrition and Dietetics (Q3)";"Agricultural and Biological Sciences; Medicine; Nursing"
145;21100422060;Archives of Endocrinology and Metabolism;journal;23593997, 23594292;Sociedade Brasileira de Endocrinologia e Metabologia;Yes;Yes;0,613;Q3;64;142;347;5059;697;313;2,24;35,63;53,35;0;93;Brazil;Latin America;Sociedade Brasileira de Endocrinologia e Metabologia;2015-2024;Endocrinology, Diabetes and Metabolism (Q3);Medicine
146;21100904468;Journal of Bone Metabolism;journal;22876375, 22877029;Korean Society for Bone and Mineral Research;No;No;0,611;Q3;18;32;109;1437;236;106;1,96;44,91;42,65;0;9;South Korea;Asiatic Region;Korean Society for Bone and Mineral Research;2017-2024;"Orthopedics and Sports Medicine (Q2); Endocrinology (Q3); Endocrinology, Diabetes and Metabolism (Q3)";"Biochemistry, Genetics and Molecular Biology; Medicine"
147;19700174938;JCRPE Journal of Clinical Research in Pediatric Endocrinology;journal;13085727, 13085735;Galenos Publishing House;Yes;No;0,607;Q3;50;71;194;2035;318;184;1,5;28,66;60,95;0;32;Turkey;Middle East;Galenos Publishing House;2008-2025;"Pediatrics, Perinatology and Child Health (Q2); Endocrinology (Q3); Endocrinology, Diabetes and Metabolism (Q3)";"Biochemistry, Genetics and Molecular Biology; Medicine"
148;22433;International Journal for Vitamin and Nutrition Research;journal;16642821, 03009831;IMR Press Limited;No;No;0,604;Q3;65;45;166;2895;390;155;2,77;64,33;45,58;0;25;Switzerland;Western Europe;IMR Press Limited;1971-2024;"Medicine (miscellaneous) (Q2); Endocrinology, Diabetes and Metabolism (Q3); Nutrition and Dietetics (Q3)";"Medicine; Nursing"
149;145237;Przeglad Menopauzalny;journal;16438876;Termedia Publishing House Ltd.;Yes;No;0,595;Q3;32;33;132;1021;297;130;1,89;30,94;47,27;0;18;Poland;Eastern Europe;Termedia Publishing House Ltd.;2005-2024;"Obstetrics and Gynecology (Q2); Endocrinology, Diabetes and Metabolism (Q3)";Medicine
150;21101044940;Minerva Endocrinology;journal;27246116, 27246507;Edizioni Minerva Medica S.p.A.;No;No;0,594;Q3;43;52;176;1685;299;135;1,54;32,4;53,56;0;30;Italy;Western Europe;Edizioni Minerva Medica S.p.A.;2021-2024;"Internal Medicine (Q2); Endocrinology (Q3); Endocrinology, Diabetes and Metabolism (Q3)";"Biochemistry, Genetics and Molecular Biology; Medicine"
151;19900193210;International Journal of Endocrinology and Metabolism;journal;1726913X, 17269148;Brieflands;Yes;No;0,592;Q3;39;22;85;743;187;82;1,67;33,77;50,5;0;12;Netherlands;Western Europe;Brieflands;2010-2025;Endocrinology, Diabetes and Metabolism (Q3);Medicine
152;19700174944;Islets;journal;19382022, 19382014;Taylor and Francis Ltd.;Yes;No;0,583;Q3;45;11;42;472;91;42;1,9;42,91;44,12;0;11;United States;Northern America;Taylor and Francis Ltd.;2009-2024;"Endocrinology (Q3); Endocrinology, Diabetes and Metabolism (Q3)";"Biochemistry, Genetics and Molecular Biology; Medicine"
153;21100238627;Journal of Thyroid Research;journal;20420072, 20908067;John Wiley and Sons Ltd;Yes;No;0,567;Q3;42;2;18;60;50;18;1,82;30;22,22;0;0;United States;Northern America;John Wiley and Sons Ltd;2010-2024;Endocrinology, Diabetes and Metabolism (Q3);Medicine
154;26086;Experimental and Clinical Endocrinology and Diabetes;journal;09477349, 14393646;Georg Thieme Verlag;No;No;0,553;Q3;88;54;349;2608;547;336;1,44;48,3;42,16;0;37;Germany;Western Europe;Georg Thieme Verlag;1983-2025;"Internal Medicine (Q2); Medicine (miscellaneous) (Q2); Endocrinology (Q3); Endocrinology, Diabetes and Metabolism (Q3)";"Biochemistry, Genetics and Molecular Biology; Medicine"
155;26116;Growth Hormone and IGF Research;journal;10966374, 15322238;Churchill Livingstone;No;No;0,551;Q3;70;17;92;853;169;91;1,71;50,18;42,99;0;6;United Kingdom;Western Europe;Churchill Livingstone;1998-2025;"Endocrinology (Q3); Endocrinology, Diabetes and Metabolism (Q3)";"Biochemistry, Genetics and Molecular Biology; Medicine"
156;26112;Frontiers of Hormone Research;journal;03013073;S. Karger AG;Yes;No;0,54;Q3;47;17;13;895;21;11;0;52,65;47,3;0;3;Switzerland;Western Europe;S. Karger AG;1975, 1977, 1984, 1996-1997, 1999, 2001-2002, 2004-2010, 2013-2019, 2021, 2024;"Endocrinology (Q3); Endocrinology, Diabetes and Metabolism (Q3)";"Biochemistry, Genetics and Molecular Biology; Medicine"
157;26119;Hormone and Metabolic Research;journal;14394286, 00185043;Georg Thieme Verlag;No;No;0,538;Q3;104;61;358;2421;638;352;1,7;39,69;47,99;0;32;Germany;Western Europe;Georg Thieme Verlag;1969-2025;"Biochemistry (medical) (Q2); Medicine (miscellaneous) (Q2); Biochemistry (Q3); Clinical Biochemistry (Q3); Endocrinology (Q3); Endocrinology, Diabetes and Metabolism (Q3)";"Biochemistry, Genetics and Molecular Biology; Medicine"
158;4100151707;Endocrine, Metabolic and Immune Disorders - Drug Targets;journal;22123873, 18715303;Bentham Science Publishers;No;No;0,535;Q3;66;173;562;12634;1191;533;2,03;73,03;43,06;0;110;United Arab Emirates;Middle East;Bentham Science Publishers;2006-2025;"Endocrinology, Diabetes and Metabolism (Q3); Immunology and Allergy (Q3)";Medicine
159;21100217226;Journal of Diabetes and Metabolic Disorders;journal;22516581;Springer Science and Business Media Deutschland GmbH;Yes;No;0,534;Q3;49;221;577;10794;1295;558;1,89;48,84;49,52;3;179;Germany;Western Europe;Springer Science and Business Media Deutschland GmbH;2012-2025;"Endocrinology, Diabetes and Metabolism (Q3); Internal Medicine (Q3)";Medicine
160;65096;Journal of Musculoskeletal Neuronal Interactions;journal;11087161;International Society of Musculoskeletal and Neuronal Interactions;No;No;0,527;Q3;74;55;181;1676;370;177;1,97;30,47;35,45;0;9;Greece;Western Europe;International Society of Musculoskeletal and Neuronal Interactions;2002-2024;"Orthopedics and Sports Medicine (Q2); Endocrinology, Diabetes and Metabolism (Q3); Physiology (Q3)";"Biochemistry, Genetics and Molecular Biology; Medicine"
161;26202;Metabolic Syndrome and Related Disorders;journal;15404196, 15578518;Mary Ann Liebert Inc.;No;No;0,52;Q3;61;95;225;3787;415;224;1,63;39,86;51,32;0;68;United States;Northern America;Mary Ann Liebert Inc.;2003-2025;"Endocrinology, Diabetes and Metabolism (Q3); Internal Medicine (Q3)";Medicine
162;26067;Endokrynologia Polska;journal;22998306, 0423104X;Via Medica;Yes;No;0,515;Q3;39;95;299;3790;515;281;1,67;39,89;55,03;0;38;Poland;Eastern Europe;Via Medica;1961-1989, 1991-1993, 2005-2024;"Endocrinology (Q3); Endocrinology, Diabetes and Metabolism (Q3)";"Biochemistry, Genetics and Molecular Biology; Medicine"
163;21101133342;Diabetes Epidemiology and Management;journal;26669706;Elsevier Masson s.r.l.;Yes;No;0,482;Q3;9;39;108;1331;166;106;1,53;34,13;38,42;0;36;France;Western Europe;Elsevier Masson s.r.l.;2021-2025;"Endocrinology, Diabetes and Metabolism (Q3); Internal Medicine (Q3)";Medicine
164;19700183044;Thyroid Research;journal;17566614;BioMed Central Ltd;Yes;No;0,479;Q3;30;26;90;1109;165;87;1,65;42,65;39,58;0;15;United Kingdom;Western Europe;BioMed Central Ltd;2010-2025;"Endocrinology (Q3); Endocrinology, Diabetes and Metabolism (Q3); Endocrine and Autonomic Systems (Q4)";"Biochemistry, Genetics and Molecular Biology; Medicine; Neuroscience"
165;21100895624;JIMD Reports;book series;21928304, 21928312;Springer Berlin;Yes;No;0,469;Q3;38;48;213;1341;355;211;1,86;27,94;56,57;1;11;Germany;Western Europe;Springer Berlin;2012-2025;"Biochemistry, Genetics and Molecular Biology (miscellaneous) (Q2); Endocrinology, Diabetes and Metabolism (Q3); Internal Medicine (Q3)";"Biochemistry, Genetics and Molecular Biology; Medicine"
166;21100238603;Journal of Osteoporosis;journal;20908059, 20420064;John Wiley and Sons Ltd;Yes;No;0,469;Q3;26;2;20;38;40;20;2,83;19;0;0;0;United States;Northern America;John Wiley and Sons Ltd;2012-2024;"Endocrinology (Q3); Endocrinology, Diabetes and Metabolism (Q3)";"Biochemistry, Genetics and Molecular Biology; Medicine"
167;14952;Clinical Pediatric Endocrinology;journal;09185739, 13477358;Jeff Corporation Co. Ltd;Yes;No;0,465;Q3;23;39;106;962;132;100;1,31;24,67;39,82;0;16;Japan;Asiatic Region;Jeff Corporation Co. Ltd;1992-2025;"Pediatrics, Perinatology and Child Health (Q2); Endocrinology (Q3); Endocrinology, Diabetes and Metabolism (Q3)";"Biochemistry, Genetics and Molecular Biology; Medicine"
168;21101132310;Lifestyle Medicine;journal;26883740;John Wiley and Sons Inc;Yes;No;0,463;Q3;9;22;54;966;83;38;1,73;43,91;46,15;0;8;United Kingdom;Western Europe;John Wiley and Sons Inc;2020-2025;"Health (social science) (Q2); Cardiology and Cardiovascular Medicine (Q3); Endocrinology, Diabetes and Metabolism (Q3); Geriatrics and Gerontology (Q3); Medicine (miscellaneous) (Q3); Public Health, Environmental and Occupational Health (Q3); Pulmonary and Respiratory Medicine (Q3)";"Medicine; Social Sciences"
169;21100806011;Endocrinologia, Diabetes y Nutricion;journal;25300172, 25300164;Sociedad Espanola de Endocrinologia y Nutricion;No;No;0,453;Q3;35;78;403;1700;521;381;1,21;21,79;53,22;0;43;Spain;Western Europe;Sociedad Espanola de Endocrinologia y Nutricion;2017-2025;"Endocrinology, Diabetes and Metabolism (Q3); Nutrition and Dietetics (Q3); Endocrinology (Q4)";"Biochemistry, Genetics and Molecular Biology; Medicine; Nursing"
170;21101037916;Clinical Nutrition Open Science;journal;26672685;Elsevier B.V.;Yes;No;0,446;Q3;23;120;185;5221;313;178;1,57;43,51;50,97;0;61;Netherlands;Western Europe;Elsevier B.V.;2021-2025;"Endocrinology, Diabetes and Metabolism (Q3); Nutrition and Dietetics (Q3)";"Medicine; Nursing"
171;26179;Journal of Pediatric Endocrinology and Metabolism;journal;0334018X, 21910251;Walter de Gruyter GmbH;No;No;0,445;Q3;75;163;603;4378;825;595;1,18;26,86;57,35;0;67;Germany;Western Europe;Walter de Gruyter GmbH;1985-2025;"Pediatrics, Perinatology and Child Health (Q2); Endocrinology, Diabetes and Metabolism (Q3); Endocrinology (Q4)";"Biochemistry, Genetics and Molecular Biology; Medicine"
172;21101079112;Endocrine and Metabolic Science;journal;26663961;Elsevier B.V.;Yes;No;0,438;Q3;11;52;80;2559;131;77;0,88;49,21;40,61;0;31;Netherlands;Western Europe;Elsevier B.V.;2020-2025;"Endocrinology, Diabetes and Metabolism (Q3); Endocrinology (Q4)";"Biochemistry, Genetics and Molecular Biology; Medicine"
173;26034;Endocrine Regulations;journal;12100668, 13360329;;Yes;No;0,435;Q3;38;27;95;1176;155;95;1,54;43,56;55,12;0;12;Poland;Eastern Europe;;1991-2024;"Endocrinology, Diabetes and Metabolism (Q3); Endocrinology (Q4)";"Biochemistry, Genetics and Molecular Biology; Medicine"
174;21100463845;Obesity Medicine;journal;24518476;Elsevier Ltd;No;No;0,43;Q3;29;39;191;2253;334;186;1,58;57,77;46,62;0;34;United Kingdom;Western Europe;Elsevier Ltd;2016-2025;"Surgery (Q2); Endocrinology, Diabetes and Metabolism (Q3); Internal Medicine (Q3); Nutrition and Dietetics (Q3); Public Health, Environmental and Occupational Health (Q3); Endocrinology (Q4)";"Biochemistry, Genetics and Molecular Biology; Medicine; Nursing"
175;19700177504;Diabetology International;journal;21901686, 21901678;Springer Japan;No;No;0,425;Q3;28;102;187;3973;279;185;1,25;38,95;31,05;0;95;Japan;Asiatic Region;Springer Japan;2010-2025;"Endocrinology, Diabetes and Metabolism (Q3); Internal Medicine (Q3)";Medicine
176;21101249159;Endocrines;journal;2673396X;Multidisciplinary Digital Publishing Institute (MDPI);Yes;No;0,412;Q3;10;44;167;3158;246;163;1,31;71,77;52,59;0;31;Switzerland;Western Europe;Multidisciplinary Digital Publishing Institute (MDPI);2020-2024;"Biochemistry, Genetics and Molecular Biology (miscellaneous) (Q3); Endocrinology, Diabetes and Metabolism (Q3); Medicine (miscellaneous) (Q3); Endocrinology (Q4)";"Biochemistry, Genetics and Molecular Biology; Medicine"
177;21101052761;Mediastinum;journal;25226711;AME Publishing Company;No;No;0,411;Q3;11;39;102;2105;166;85;1,6;53,97;30,28;0;22;China;Asiatic Region;AME Publishing Company;2019-2024;"Cardiology and Cardiovascular Medicine (Q3); Endocrinology, Diabetes and Metabolism (Q3); Medicine (miscellaneous) (Q3); Oncology (Q3); Pulmonary and Respiratory Medicine (Q3); Radiology, Nuclear Medicine and Imaging (Q3)";Medicine
178;21100388411;Hormone Molecular Biology and Clinical Investigation;journal;18681883, 18681891;Walter de Gruyter GmbH;No;No;0,399;Q3;45;29;180;1401;244;173;1,34;48,31;50;0;15;Germany;Western Europe;Walter de Gruyter GmbH;2010-2025;"Endocrinology, Diabetes and Metabolism (Q3); Medicine (miscellaneous) (Q3); Endocrinology (Q4); Molecular Biology (Q4)";"Biochemistry, Genetics and Molecular Biology; Medicine"
179;21101247456;Clinical and Translational Metabolism;journal;29482445, 29482437;Springer;No;No;0,38;Q3;32;13;11;720;21;11;2,5;55,38;56,41;0;4;United States;Northern America;Springer;2024-2025;"Endocrinology, Diabetes and Metabolism (Q3); Orthopedics and Sports Medicine (Q3); Endocrinology (Q4)";"Biochemistry, Genetics and Molecular Biology; Medicine"
180;21101272840;Obesities;journal;26734168;Multidisciplinary Digital Publishing Institute (MDPI);Yes;No;0,378;Q3;7;41;75;2238;100;73;1,38;54,59;59,47;0;35;Switzerland;Western Europe;Multidisciplinary Digital Publishing Institute (MDPI);2021-2024;"Endocrinology, Diabetes and Metabolism (Q3); Epidemiology (Q3); Psychology (miscellaneous) (Q3)";"Medicine; Psychology"
181;21100456724;Indian Journal of Endocrinology and Metabolism;journal;22309500, 22308210;Wolters Kluwer Medknow Publications;Yes;Yes;0,376;Q3;47;104;289;3169;309;214;0,77;30,47;36,13;0;52;India;Asiatic Region;Wolters Kluwer Medknow Publications;2014-2024;"Endocrinology, Diabetes and Metabolism (Q3); Endocrinology (Q4)";"Biochemistry, Genetics and Molecular Biology; Medicine"
182;19700173163;Pediatric Endocrinology, Diabetes and Metabolism;journal;2081237X, 20838441;Termedia Publishing House Ltd.;Yes;No;0,355;Q3;19;33;134;1111;161;125;0,96;33,67;74,22;0;20;Poland;Eastern Europe;Termedia Publishing House Ltd.;2007-2024;"Endocrinology, Diabetes and Metabolism (Q3); Medicine (miscellaneous) (Q3); Pediatrics, Perinatology and Child Health (Q3)";Medicine
183;21101042930;Journal of Pancreatology;journal;25773577, 20965664;Wolters Kluwer Health;Yes;Yes;0,346;Q3;12;55;80;2780;75;77;1,02;50,55;34,93;0;31;United States;Northern America;Wolters Kluwer Health;2018-2025;"Endocrinology, Diabetes and Metabolism (Q3); Hepatology (Q3); Endocrinology (Q4)";"Biochemistry, Genetics and Molecular Biology; Medicine"
184;21100873333;Cardiovascular Endocrinology and Metabolism;journal;25740954;Lippincott Williams and Wilkins Ltd.;Yes;No;0,337;Q3;19;25;61;871;63;52;0,82;34,84;47,06;0;18;United States;Northern America;Lippincott Williams and Wilkins Ltd.;2018-2025;"Cardiology and Cardiovascular Medicine (Q3); Endocrinology, Diabetes and Metabolism (Q3)";Medicine
185;21101074855;AACE Clinical Case Reports;journal;23760605;Elsevier B.V.;Yes;No;0,336;Q3;15;78;242;948;230;224;0,89;12,15;54,28;0;31;Netherlands;Western Europe;Elsevier B.V.;2015-2025;Endocrinology, Diabetes and Metabolism (Q3);Medicine
186;21101044941;Minerva Gastroenterology;journal;27245985, 27245365;Edizioni Minerva Medica S.p.A.;No;No;0,336;Q3;35;90;267;2115;185;156;0,63;23,5;39,02;0;30;Italy;Western Europe;Edizioni Minerva Medica S.p.A.;2021-2024;"Endocrinology, Diabetes and Metabolism (Q3); Gastroenterology (Q3); Internal Medicine (Q3)";Medicine
187;21100395920;Journal of the ASEAN Federation of Endocrine Societies;journal;08571074, 2308118X;ASEAN Federation of Endocrine Societies;Yes;Yes;0,329;Q3;10;1;130;11;128;117;1,08;11;66,67;0;1;Philippines;Asiatic Region;ASEAN Federation of Endocrine Societies;2014-2024;"Endocrinology, Diabetes and Metabolism (Q3); Endocrinology (Q4)";"Biochemistry, Genetics and Molecular Biology; Medicine"
188;144884;WSEAS Transactions on Mathematics;journal;11092769;World Scientific and Engineering Academy and Society;No;No;0,29;Q4;26;107;293;2588;242;293;0,88;24,19;37,31;0;5;Greece;Western Europe;World Scientific and Engineering Academy and Society;2005-2014, 2017-2025;"Algebra and Number Theory (Q3); Applied Mathematics (Q3); Computational Mathematics (Q3); Control and Optimization (Q3); Discrete Mathematics and Combinatorics (Q3); Management Science and Operations Research (Q3); Statistics and Probability (Q3); Endocrinology, Diabetes and Metabolism (Q4)";"Decision Sciences; Mathematics; Medicine"
189;21100853015;Endocrinology, Diabetes and Metabolism Case Reports;journal;20520573;BioScientifica Ltd.;Yes;No;0,289;Q4;17;75;290;949;247;290;0,8;12,65;46,63;0;51;United Kingdom;Western Europe;BioScientifica Ltd.;2014-2016, 2018-2025;"Internal Medicine (Q3); Endocrinology, Diabetes and Metabolism (Q4)";Medicine
190;53921;Practical Diabetes;journal;20472900, 20472897;"John Wiley &amp; Sons Inc.";No;No;0,284;Q4;29;32;170;663;80;126;0,41;20,72;45,59;0;26;United States;Northern America;"John Wiley &amp; Sons Inc.";2011-2024;"Internal Medicine (Q3); Endocrinology, Diabetes and Metabolism (Q4)";Medicine
191;17600155207;Mediterranean Journal of Nutrition and Metabolism;journal;19737998, 1973798X;SAGE Publications Ltd;No;No;0,276;Q4;26;19;108;955;114;108;0,97;50,26;53,19;0;7;Netherlands;Western Europe;SAGE Publications Ltd;2008-2024;"Food Science (Q3); Nutrition and Dietetics (Q3); Endocrinology, Diabetes and Metabolism (Q4)";"Agricultural and Biological Sciences; Medicine; Nursing"
192;21100301457;Case Reports in Endocrinology;journal;20906501, 2090651X;John Wiley and Sons Ltd;Yes;No;0,274;Q4;13;25;143;485;112;143;0,88;19,4;43,18;0;10;United States;Northern America;John Wiley and Sons Ltd;2013-2024;Endocrinology, Diabetes and Metabolism (Q4);Medicine
193;4700152901;International Journal of Diabetes in Developing Countries;journal;09733930;Springer India;No;No;0,269;Q4;35;194;340;6474;266;315;0,78;33,37;46,74;0;178;India;Asiatic Region;Springer India;2001-2002, 2006-2025;"Internal Medicine (Q3); Endocrinology, Diabetes and Metabolism (Q4)";Medicine
194;21100211330;Diabetes Mellitus;journal;20720351, 20720378;UP Print LLC;Yes;Yes;0,251;Q4;21;67;195;2123;257;195;1,33;31,69;68,31;0;66;Russian Federation;Eastern Europe;UP Print LLC;2012-2024;"Internal Medicine (Q3); Endocrinology (Q4); Endocrinology, Diabetes and Metabolism (Q4)";"Biochemistry, Genetics and Molecular Biology; Medicine"
195;26681;Problemy Endokrinologii;journal;03759660;Meditsina Publishers;Yes;No;0,248;Q4;15;71;219;2443;272;219;1,03;34,41;70,61;0;34;Russian Federation;Eastern Europe;Meditsina Publishers;1967-1995, 2016-2024;"Endocrinology (Q4); Endocrinology, Diabetes and Metabolism (Q4)";"Biochemistry, Genetics and Molecular Biology; Medicine"
196;21100916511;Journal of Endocrinology and Metabolism;journal;19232861, 1923287X;Elmer Press;No;No;0,243;Q4;7;26;70;1171;47;68;0,71;45,04;36,61;0;23;Canada;Northern America;Elmer Press;2018-2024;Endocrinology, Diabetes and Metabolism (Q4);Medicine
197;17492;Neuroendocrinology Letters;journal;0172780X;Maghira and Maas Publications;Yes;No;0,242;Q4;74;29;166;70;110;164;0,55;2,41;42,14;0;11;Sweden;Western Europe;Maghira and Maas Publications;1979-1982, 1984-1995, 1997-2024;"Endocrine and Autonomic Systems (Q4); Endocrinology (Q4); Endocrinology, Diabetes and Metabolism (Q4); Medicine (miscellaneous) (Q4); Neurology (Q4); Neurology (clinical) (Q4); Physiology (medical) (Q4); Psychiatry and Mental Health (Q4)";"Biochemistry, Genetics and Molecular Biology; Medicine; Neuroscience"
198;5100155028;Acta Endocrinologica;journal;1843066X, 18410987;Acta Endocrinologica Foundation;Yes;No;0,239;Q4;21;42;244;1031;186;209;0,64;24,55;54,43;0;24;Romania;Eastern Europe;Acta Endocrinologica Foundation;2005, 2008-2024;"Endocrine and Autonomic Systems (Q4); Endocrinology (Q4); Endocrinology, Diabetes and Metabolism (Q4)";"Biochemistry, Genetics and Molecular Biology; Medicine; Neuroscience"
199;21100815532;Revista de Osteoporosis y Metabolismo Mineral;journal;21732345, 1889836X;Sociedad Espanola de Investigacion Osea y del Metabolismo Mineral;Yes;Yes;0,237;Q4;7;20;78;612;36;64;0,46;30,6;49,11;0;5;Spain;Western Europe;Sociedad Espanola de Investigacion Osea y del Metabolismo Mineral;2013-2024;Endocrinology, Diabetes and Metabolism (Q4);Medicine
200;21101058165;Nutrire;journal;23167874, 15198928;Springer Nature;No;No;0,233;Q4;18;60;108;3447;109;108;1,09;57,45;53,95;0;33;United States;Northern America;Springer Nature;2016-2025;"Food Science (Q3); Nutrition and Dietetics (Q3); Public Health, Environmental and Occupational Health (Q3); Biochemistry (Q4); Endocrinology, Diabetes and Metabolism (Q4); Physiology (Q4)";"Agricultural and Biological Sciences; Biochemistry, Genetics and Molecular Biology; Medicine; Nursing"
201;21100778840;Obesity and Metabolism;journal;20718713, 23065524;Endocrinology Research Centre (Moscow);Yes;Yes;0,214;Q4;14;44;130;1882;168;130;0,85;42,77;76,1;0;33;Russian Federation;Eastern Europe;Endocrinology Research Centre (Moscow);2016-2024;"Internal Medicine (Q3); Endocrinology (Q4); Endocrinology, Diabetes and Metabolism (Q4); Nutrition and Dietetics (Q4); Public Health, Environmental and Occupational Health (Q4)";"Biochemistry, Genetics and Molecular Biology; Medicine; Nursing"
202;21100802779;Clinical Diabetology;journal;24508187, 24507458;Via Medica;Yes;Yes;0,21;Q4;10;53;175;1453;98;149;0,53;27,42;41,99;0;49;Poland;Eastern Europe;Via Medica;2015-2024;"Internal Medicine (Q3); Endocrinology, Diabetes and Metabolism (Q4)";Medicine
203;21100854136;Journal of Inborn Errors of Metabolism and Screening;journal;23264098, 23264594;Latin American Society Inborn Errors and Neonatal Screening;Yes;No;0,203;Q4;15;10;58;351;31;56;0,3;35,1;60,87;0;2;United States;Northern America;Latin American Society Inborn Errors and Neonatal Screening;2015-2024;"Pediatrics, Perinatology and Child Health (Q3); Endocrinology, Diabetes and Metabolism (Q4); Genetics (clinical) (Q4)";Medicine
204;19655;Terapevticheskii Arkhiv;journal;23095342, 00403660;Consilium MediCum;Yes;Yes;0,2;Q4;24;171;671;4945;540;670;0,92;28,92;63,77;0;85;Russian Federation;Eastern Europe;Consilium MediCum;1949-2024;"History (Q2); Family Practice (Q3); Internal Medicine (Q3); Endocrinology, Diabetes and Metabolism (Q4)";"Arts and Humanities; Medicine"
205;21100786232;Comparative Exercise Physiology;journal;17552540, 17552559;Brill Wageningen Academic;No;No;0,198;Q4;20;39;160;1433;88;158;0,47;36,74;45,28;0;11;Netherlands;Western Europe;Brill Wageningen Academic;2008-2010, 2012-2025;"Veterinary (miscellaneous) (Q3); Biochemistry (Q4); Biophysics (Q4); Endocrinology, Diabetes and Metabolism (Q4); Orthopedics and Sports Medicine (Q4); Physiology (Q4); Physiology (medical) (Q4)";"Biochemistry, Genetics and Molecular Biology; Medicine; Veterinary"
206;29572;Journal of Biological Regulators and Homeostatic Agents;journal;17246083, 0393974X;Biolife Publisher;No;No;0,193;Q4;58;481;1121;23087;574;927;0,25;48;42,93;0;284;Italy;Western Europe;Biolife Publisher;1987-2025;"Cancer Research (Q4); Endocrinology (Q4); Endocrinology, Diabetes and Metabolism (Q4); Immunology (Q4); Immunology and Allergy (Q4); Oncology (Q4); Physiology (Q4); Physiology (medical) (Q4)";"Biochemistry, Genetics and Molecular Biology; Immunology and Microbiology; Medicine"
207;21101044205;Immunopathologia Persa;journal;24238015;Nickan Research Institute;No;No;0,187;Q4;9;36;107;868;75;106;0,67;24,11;46,98;0;20;Iran;Middle East;Nickan Research Institute;2019-2025;"Endocrinology, Diabetes and Metabolism (Q4); Hematology (Q4); Immunology (Q4); Immunology and Microbiology (miscellaneous)  (Q4)";"Immunology and Microbiology; Medicine"
208;21101251253;Journal of Diabetology;journal;20787685, 25433288;Wolters Kluwer Medknow Publications;Yes;Yes;0,181;Q4;6;74;230;2295;99;208;0,29;31,01;33,66;0;63;India;Asiatic Region;Wolters Kluwer Medknow Publications;2020-2025;Endocrinology, Diabetes and Metabolism (Q4);Medicine
209;21100456867;Journal of Clinical and Translational Endocrinology: Case Reports;journal;22146245;Elsevier Inc.;Yes;No;0,178;Q4;6;16;84;228;38;83;0,43;14,25;52,5;0;11;United States;Northern America;Elsevier Inc.;2015-2025;"Endocrinology (Q4); Endocrinology, Diabetes and Metabolism (Q4)";"Biochemistry, Genetics and Molecular Biology; Medicine"
210;21100802910;Arterial Hypertension;journal;24496170, 24496162;Via Medica;Yes;Yes;0,177;Q4;13;14;76;788;37;75;0,47;56,29;40,7;0;9;Poland;Eastern Europe;Via Medica;2015-2025;"Cardiology and Cardiovascular Medicine (Q4); Endocrinology, Diabetes and Metabolism (Q4); Internal Medicine (Q4)";Medicine
211;26658;Nutrition Clinique et Metabolisme;journal;17683092, 09850562;Elsevier Masson s.r.l.;No;No;0,17;Q4;15;37;128;1443;52;115;0,4;39;50,85;0;16;France;Western Europe;Elsevier Masson s.r.l.;1987-2025;"Endocrinology, Diabetes and Metabolism (Q4); Internal Medicine (Q4); Nutrition and Dietetics (Q4)";"Medicine; Nursing"
212;21100800032;Turk Osteoporoz Dergisi;journal;21472653, 21463816;Galenos Publishing House;Yes;Yes;0,166;Q4;7;15;127;357;34;123;0,21;23,8;42,11;0;4;Turkey;Middle East;Galenos Publishing House;2011-2024;Endocrinology, Diabetes and Metabolism (Q4);Medicine
213;21101020021;Chinese Journal of Endocrinology and Metabolism;journal;10006699;Chinese Medical Journals Publishing House Co.Ltd;No;No;0,165;Q4;9;134;496;3938;180;495;0,27;29,39;54,96;0;74;China;Asiatic Region;Chinese Medical Journals Publishing House Co.Ltd;2020-2025;Endocrinology, Diabetes and Metabolism (Q4);Medicine
214;21100939983;Clinical Osteology;journal;25711334, 25711326;Facta Medica, S.R.O;No;No;0,159;Q4;3;17;63;336;7;53;0,05;19,76;37,5;0;6;Czech Republic;Eastern Europe;Facta Medica, S.R.O;2018-2024;"Endocrinology, Diabetes and Metabolism (Q4); Orthopedics and Sports Medicine (Q4)";Medicine
215;21100983357;Chinese Journal of Diabetes Mellitus;journal;16745809;Chinese Medical Journals Publishing House Co.Ltd;No;No;0,148;Q4;10;186;627;6714;257;623;0,25;36,1;50,78;0;129;China;Asiatic Region;Chinese Medical Journals Publishing House Co.Ltd;2020-2025;"Endocrinology, Diabetes and Metabolism (Q4); Internal Medicine (Q4)";Medicine
216;81657;Journal fur Reproduktionsmedizin und Endokrinologie;journal;18102107, 18109292;Krause und Pachernegg GmbH;Yes;No;0,145;Q4;13;10;55;194;10;42;0,12;19,4;50;0;1;Austria;Western Europe;Krause und Pachernegg GmbH;2002, 2004-2024;"Endocrinology, Diabetes and Metabolism (Q4); Obstetrics and Gynecology (Q4); Reproductive Medicine (Q4)";Medicine
217;21101134471;Iranian Journal of Diabetes and Metabolism;journal;23454008, 23454016;Tehran University of Medical Sciences;No;No;0,141;Q4;6;38;123;1363;33;122;0,28;35,87;45,45;0;30;Iran;Middle East;Tehran University of Medical Sciences;2019-2024;"Biochemistry (medical) (Q4); Endocrinology, Diabetes and Metabolism (Q4); Epidemiology (Q4); Internal Medicine (Q4)";Medicine
218;21100199339;Romanian Journal of Diabetes, Nutrition and Metabolic Diseases;journal;15838609;Romanian Society of Diabetes, Nutrition and Metabolic Diseases;Yes;No;0,139;Q4;12;68;205;1734;64;204;0,28;25,5;54,88;0;58;Romania;Eastern Europe;Romanian Society of Diabetes, Nutrition and Metabolic Diseases;2011-2024;"Endocrinology, Diabetes and Metabolism (Q4); Internal Medicine (Q4)";Medicine
219;21101053505;Annals of Pancreatic Cancer;journal;26162741;AME Publishing Company;No;No;0,136;Q4;8;11;31;474;8;30;0,17;43,09;32,69;0;10;China;Asiatic Region;AME Publishing Company;2018-2024;"Endocrinology (Q4); Endocrinology, Diabetes and Metabolism (Q4); Internal Medicine (Q4); Oncology (Q4)";"Biochemistry, Genetics and Molecular Biology; Medicine"
220;4000151811;Heart and Metabolism;journal;15660338;Les Laboratoires Seriver;No;No;0,133;Q4;10;0;1;0;0;1;0;0;0;0;0;France;Western Europe;Les Laboratoires Seriver;2006-2021;"Cardiology and Cardiovascular Medicine (Q4); Endocrinology, Diabetes and Metabolism (Q4)";Medicine
221;9500154121;Journal of Diabetes Nursing;journal;13681109;OmniaMed Communications Ltd;Yes;No;0,132;Q4;10;30;123;424;12;65;0,07;14,13;75;0;27;United Kingdom;Western Europe;OmniaMed Communications Ltd;2006-2024;"Advanced and Specialized Nursing (Q4); Endocrinology, Diabetes and Metabolism (Q4)";"Medicine; Nursing"
222;21101075017;Journal of Clinical Hepatology;journal;10015256;Editorial Board of Jilin University;No;No;0,131;Q4;18;404;1620;13540;533;1592;0,39;33,51;44,74;0;214;China;Asiatic Region;Editorial Board of Jilin University;2019-2025;"Endocrinology, Diabetes and Metabolism (Q4); Gastroenterology (Q4); Hepatology (Q4)";Medicine
223;21101058177;Chinese Journal of Endocrine Surgery;journal;16746090;Chinese Medical Journals Publishing House Co.Ltd;No;No;0,128;Q4;5;147;396;2169;73;396;0,19;14,76;50,82;0;110;China;Asiatic Region;Chinese Medical Journals Publishing House Co.Ltd;2019-2024;"Endocrinology, Diabetes and Metabolism (Q4); Radiology, Nuclear Medicine and Imaging (Q4); Surgery (Q4)";Medicine
224;12100157211;Diabetologie und Stoffwechsel;journal;18619002, 18619010;Georg Thieme Verlag;No;No;0,128;Q4;18;181;697;2201;67;253;0,12;12,16;36;0;116;Germany;Western Europe;Georg Thieme Verlag;2006-2025;Endocrinology, Diabetes and Metabolism (Q4);Medicine
225;21101152869;Endocrinology Research and Practice;journal;28226135;AVES;Yes;Yes;0,128;Q4;8;44;141;1166;25;125;0,17;26,5;38,55;0;26;Turkey;Middle East;AVES;2023-2025;"Endocrinology, Diabetes and Metabolism (Q4); Geriatrics and Gerontology (Q4); Internal Medicine (Q4)";Medicine
226;21101052351;Annals of Thyroid;journal;25226681;AME Publishing Company;No;No;0,127;Q4;6;8;39;157;14;34;0,35;19,63;31,82;0;2;Hong Kong;Asiatic Region;AME Publishing Company;2019-2024;"Endocrine and Autonomic Systems (Q4); Endocrinology (Q4); Endocrinology, Diabetes and Metabolism (Q4)";"Biochemistry, Genetics and Molecular Biology; Medicine; Neuroscience"
227;21100934918;Iranian Journal of Nutrition Sciences and Food Technology;journal;17357756, 22520694;National Nutrition and Food Technology Research Institute;No;No;0,126;Q4;6;37;132;1365;35;131;0,22;36,89;53,1;0;15;Iran;Middle East;National Nutrition and Food Technology Research Institute;2019-2025;"Endocrinology, Diabetes and Metabolism (Q4); Food Science (Q4); Nutrition and Dietetics (Q4)";"Agricultural and Biological Sciences; Medicine; Nursing"
228;26011;Diabetologie Metabolismus Endokrinologie Vyziva;journal;12126853, 12119326;TIGIS Spol. s.r.o.;No;No;0,125;Q4;6;24;73;491;6;63;0,11;20,46;40,91;0;15;Czech Republic;Eastern Europe;TIGIS Spol. s.r.o.;2001-2024;"Endocrinology (Q4); Endocrinology, Diabetes and Metabolism (Q4); Internal Medicine (Q4)";"Biochemistry, Genetics and Molecular Biology; Medicine"
229;21101093600;Medecine de la Reproduction;journal;2650698X, 26508427;John Libbey Eurotext;No;No;0,125;Q4;5;43;144;1695;6;135;0,04;39,42;61,54;0;17;France;Western Europe;John Libbey Eurotext;2018-2024;"Endocrinology (Q4); Endocrinology, Diabetes and Metabolism (Q4); Obstetrics and Gynecology (Q4); Reproductive Medicine (Q4)";"Biochemistry, Genetics and Molecular Biology; Medicine"
230;21101181888;Permskij Medicinskij Zurnal;journal;01361449, 26871408;Eco-Vector LLC;No;No;0,125;Q4;4;100;301;2005;54;301;0,16;20,05;68,7;0;46;Russian Federation;Eastern Europe;Eco-Vector LLC;2019-2024;"Endocrinology, Diabetes and Metabolism (Q4); Obstetrics and Gynecology (Q4); Oncology (Q4); Pediatrics, Perinatology and Child Health (Q4); Pulmonary and Respiratory Medicine (Q4); Surgery (Q4)";Medicine
231;21101182140;Journal of Sexual and Mental Health;journal;29565677;Via Medica;No;No;0,122;Q4;8;8;41;247;8;41;0,21;30,88;76,92;0;3;Poland;Eastern Europe;Via Medica;2022-2024;"Endocrinology, Diabetes and Metabolism (Q4); Psychiatry and Mental Health (Q4); Psychology (miscellaneous) (Q4); Reproductive Medicine (Q4)";"Medicine; Psychology"
232;26154;Journal of the Japan Diabetes Society;journal;0021437X;Japan Diabetes Society;No;No;0,122;Q4;16;49;195;923;18;183;0,09;18,84;32,51;0;40;Japan;Asiatic Region;Japan Diabetes Society;1959, 1961, 1963-2025;"Endocrinology (Q4); Endocrinology, Diabetes and Metabolism (Q4); Internal Medicine (Q4)";"Biochemistry, Genetics and Molecular Biology; Medicine"
233;21101192895;Revista de la Sociedad Argentina de Diabetes;journal;03255247, 23469420;Lugones Editorial Seal of Biotecnologica SRL;Yes;Yes;0,122;Q4;2;39;66;931;10;52;0,16;23,87;72,45;0;38;Argentina;Latin America;Lugones Editorial Seal of Biotecnologica SRL;2019-2024;"Endocrinology, Diabetes and Metabolism (Q4); Health Professions (miscellaneous) (Q4)";"Health Professions; Medicine"
234;21100903867;Reproductive Endocrinology;journal;24111295, 23094117;Trylyst;Yes;No;0,121;Q4;6;47;223;1677;68;222;0,31;35,68;78,38;0;28;Ukraine;Eastern Europe;Trylyst;2019-2024;"Endocrinology, Diabetes and Metabolism (Q4); Obstetrics and Gynecology (Q4); Reproductive Medicine (Q4)";Medicine
235;21000195316;World Journal of Endocrine Surgery;journal;09755039, 09757902;Jaypee Brothers Medical Publishers (P) Ltd;No;No;0,117;Q4;6;5;69;114;10;65;0,14;22,8;31,82;0;3;India;Asiatic Region;Jaypee Brothers Medical Publishers (P) Ltd;2011-2024;"Endocrinology, Diabetes and Metabolism (Q4); Radiology, Nuclear Medicine and Imaging (Q4); Surgery (Q4)";Medicine
236;19300157010;Actualizaciones en Osteologia;journal;16698975, 16698983;Asociacion Argentina de Osteologia y Metabolismo Mineral;No;No;0,116;Q4;8;6;40;234;2;29;0,07;39;62,07;0;1;Argentina;Latin America;Asociacion Argentina de Osteologia y Metabolismo Mineral;2009-2024;"Endocrinology, Diabetes and Metabolism (Q4); Medicine (miscellaneous) (Q4); Orthopedics and Sports Medicine (Q4); Radiology, Nuclear Medicine and Imaging (Q4)";Medicine
237;6400153169;Medecine des Maladies Metaboliques;journal;22148477, 19572557;Elsevier Masson s.r.l.;No;No;0,116;Q4;13;97;345;2197;63;288;0,2;22,65;54,47;0;68;France;Western Europe;Elsevier Masson s.r.l.;2007-2025;"Cardiology and Cardiovascular Medicine (Q4); Endocrinology, Diabetes and Metabolism (Q4); Internal Medicine (Q4); Nutrition and Dietetics (Q4)";"Medicine; Nursing"
238;19900191854;Diabetes Aktuell;journal;18616089, 18641733;Georg Thieme Verlag;No;No;0,115;Q4;4;30;178;729;11;130;0,05;24,3;38,04;0;19;Germany;Western Europe;Georg Thieme Verlag;2007-2024;"Endocrinology, Diabetes and Metabolism (Q4); Internal Medicine (Q4)";Medicine
239;17700156308;Iranian Journal of Endocrinology and Metabolism;journal;16834844, 16835476;Endocrine Research Center;No;No;0,114;Q4;16;6;126;218;20;125;0,17;36,33;62,96;0;4;Iran;Middle East;Endocrine Research Center;2008-2024;"Endocrinology, Diabetes and Metabolism (Q4); Internal Medicine (Q4)";Medicine
240;21101206078;Clinical Review for General Practice;journal;27132552, 27825671;LLC MMA MediaMedika;Yes;Yes;0,113;Q4;5;185;335;5104;48;310;0,13;27,59;66,2;0;88;Russian Federation;Eastern Europe;LLC MMA MediaMedika;2020-2024;"Endocrinology (Q4); Endocrinology, Diabetes and Metabolism (Q4); Immunology and Allergy (Q4); Medicine (miscellaneous) (Q4)";"Biochemistry, Genetics and Molecular Biology; Medicine"
241;21101140511;Diabetologie;journal;27317447, 27317455;Springer Medizin;No;No;0,113;Q4;12;126;371;3611;39;246;0,07;28,66;34,82;0;105;Germany;Western Europe;Springer Medizin;2022-2025;Endocrinology, Diabetes and Metabolism (Q4);Medicine
242;21100860142;Problemi Endokrinnoi Patologii;journal;25181432, 22274782;National Academy of Medical Science and Ministry of Health of Ukraine;Yes;No;0,111;Q4;6;44;166;1255;27;166;0,19;28,52;70;0;29;Ukraine;Eastern Europe;National Academy of Medical Science and Ministry of Health of Ukraine;2018-2024;"Endocrinology (Q4); Endocrinology, Diabetes and Metabolism (Q4); Pathology and Forensic Medicine (Q4)";"Biochemistry, Genetics and Molecular Biology; Medicine"
243;21101230593;Journal of Parathyroid Disease;journal;23456558;Nickan Research Institute;No;No;0,11;Q4;2;14;80;285;14;70;0,21;20,36;46,51;0;5;Iran;Middle East;Nickan Research Institute;2020-2025;"Endocrinology, Diabetes and Metabolism (Q4); Nephrology (Q4)";Medicine
244;21000195604;Current Gynecologic Oncology;journal;24510750, 20811632;Medical Communications;Yes;No;0,109;Q4;6;0;11;0;1;11;0;0;0;0;0;Poland;Eastern Europe;Medical Communications;2011-2021;"Endocrinology, Diabetes and Metabolism (Q4); Obstetrics and Gynecology (Q4); Oncology (Q4)";Medicine
245;145646;Gynakologische Endokrinologie;journal;16102908, 16102894;Springer Verlag;No;No;0,107;Q4;7;49;162;1047;7;114;0,03;21,37;60,53;0;16;Germany;Western Europe;Springer Verlag;2005-2025;"Endocrinology, Diabetes and Metabolism (Q4); Obstetrics and Gynecology (Q4); Pediatrics, Perinatology and Child Health (Q4); Reproductive Medicine (Q4)";Medicine
246;19700175110;Austrian Journal of Clinical Endocrinology and Metabolism;journal;19987773, 19987781;Krause und Pachernegg GmbH;Yes;No;0,106;Q4;4;0;81;0;6;53;0,05;0;0;0;0;Austria;Western Europe;Krause und Pachernegg GmbH;2010-2023;Endocrinology, Diabetes and Metabolism (Q4);Medicine
247;11700154382;Journal fur Gynakologische Endokrinologie;journal;19961553, 19976690;Krause und Pachernegg GmbH;Yes;No;0,104;Q4;8;0;88;0;2;49;0,02;0;0;0;0;Austria;Western Europe;Krause und Pachernegg GmbH;2008-2023;"Endocrinology, Diabetes and Metabolism (Q4); Obstetrics and Gynecology (Q4); Reproductive Medicine (Q4)";Medicine
248;21100980645;Nigerian Journal of Nutritional Sciences;journal;01890913, 28054008;Nutrition Society of Nigeria;No;No;0,102;Q4;4;2;99;75;5;99;0,04;37,5;12,5;0;2;Nigeria;Africa;Nutrition Society of Nigeria;2019-2024;"Endocrinology, Diabetes and Metabolism (Q4); Food Science (Q4); Public Health, Environmental and Occupational Health (Q4)";"Agricultural and Biological Sciences; Medicine"
249;21100217003;Correspondances en MHND;journal;21009619;Edimark;No;No;0,1;Q4;3;39;173;443;0;107;0;11,36;40;0;20;France;Western Europe;Edimark;2009, 2012-2024;"Endocrinology, Diabetes and Metabolism (Q4); Food Science (Q4); Internal Medicine (Q4)";"Agricultural and Biological Sciences; Medicine"
